Date,snowpack_cm
2022-10-01,0
2022-10-01,0
2022-10-01,0
2022-10-01,0
2022-10-01,0
2022-10-01,0
2022-10-01,0
2022-10-01,0
2022-10-01,0
2022-10-01,0
2022-10-01,0
2022-10-01,0
2022-10-01,0
2022-10-01,0
2022-10-01,0
2022-10-01,0
2022-10-01,0
2022-10-01,0
2022-10-01,0
2022-10-02,0
2022-10-02,0
2022-10-02,0
2022-10-02,0
2022-10-02,0
2022-10-02,0
2022-10-02,0
2022-10-02,0
2022-10-02,0
2022-10-02,0
2022-10-02,0
2022-10-02,0
2022-10-02,0
2022-10-02,0
2022-10-02,0
2022-10-02,0
2022-10-02,0
2022-10-02,0
2022-10-02,0
2022-10-02,0
2022-10-02,0
2022-10-02,0
2022-10-02,0
2022-10-02,0
2022-10-03,0
2022-10-03,0
2022-10-03,0
2022-10-03,0
2022-10-03,0
2022-10-03,0
2022-10-03,0
2022-10-03,0
2022-10-03,0
2022-10-03,0
2022-10-03,0
2022-10-03,0
2022-10-03,0
2022-10-03,0
2022-10-03,0
2022-10-03,0
2022-10-03,0
2022-10-03,0
2022-10-03,0
2022-10-03,0
2022-10-03,0
2022-10-03,0
2022-10-03,0
2022-10-03,0
2022-10-04,0
2022-10-04,0
2022-10-04,0
2022-10-04,0
2022-10-04,0
2022-10-04,0
2022-10-04,0
2022-10-04,0
2022-10-04,0
2022-10-04,0
2022-10-04,0
2022-10-04,0
2022-10-04,0
2022-10-04,0
2022-10-04,0
2022-10-04,0
2022-10-04,0
2022-10-04,0
2022-10-04,0
2022-10-04,0
2022-10-04,0
2022-10-04,0
2022-10-04,0
2022-10-04,0
2022-10-05,0
2022-10-05,0
2022-10-05,0
2022-10-05,0
2022-10-05,0
2022-10-05,0
2022-10-05,0
2022-10-05,0
2022-10-05,0
2022-10-05,0
2022-10-05,0
2022-10-05,0
2022-10-05,0
2022-10-05,0
2022-10-05,0
2022-10-05,0
2022-10-05,0
2022-10-05,0
2022-10-05,0
2022-10-05,0
2022-10-05,0
2022-10-05,0
2022-10-05,0
2022-10-05,0
2022-10-06,0
2022-10-06,0
2022-10-06,0
2022-10-06,0
2022-10-06,0
2022-10-06,0
2022-10-06,0
2022-10-06,0
2022-10-06,0
2022-10-06,0
2022-10-06,0
2022-10-06,0
2022-10-06,0
2022-10-06,0
2022-10-06,0
2022-10-06,0
2022-10-06,0
2022-10-06,0
2022-10-06,0
2022-10-06,0
2022-10-06,0
2022-10-06,0
2022-10-06,0
2022-10-06,0
2022-10-07,0
2022-10-07,0
2022-10-07,0
2022-10-07,0
2022-10-07,0
2022-10-07,0
2022-10-07,0
2022-10-07,0
2022-10-07,0
2022-10-07,0
2022-10-07,0
2022-10-07,0
2022-10-07,0
2022-10-07,0
2022-10-07,0
2022-10-07,0
2022-10-07,0
2022-10-07,0
2022-10-07,0
2022-10-07,0
2022-10-07,0
2022-10-07,0
2022-10-07,0
2022-10-07,0
2022-10-08,0
2022-10-08,0
2022-10-08,0
2022-10-08,0
2022-10-08,0
2022-10-08,0
2022-10-08,0
2022-10-08,0
2022-10-08,0
2022-10-08,0
2022-10-08,0
2022-10-08,0
2022-10-08,0
2022-10-08,0
2022-10-08,0
2022-10-08,0
2022-10-08,0
2022-10-08,0
2022-10-08,0
2022-10-08,0
2022-10-08,0
2022-10-08,0
2022-10-08,0
2022-10-08,0
2022-10-09,0
2022-10-09,0
2022-10-09,0
2022-10-09,0
2022-10-09,0
2022-10-09,0
2022-10-09,0
2022-10-09,0
2022-10-09,0
2022-10-09,0
2022-10-09,0
2022-10-09,0
2022-10-09,0
2022-10-09,0
2022-10-09,0
2022-10-09,0
2022-10-09,0
2022-10-09,0
2022-10-09,0
2022-10-09,0
2022-10-09,0
2022-10-09,0
2022-10-09,0
2022-10-09,0
2022-10-10,0
2022-10-10,0
2022-10-10,0
2022-10-10,0
2022-10-10,0
2022-10-10,0
2022-10-10,0
2022-10-10,0
2022-10-10,0
2022-10-10,0
2022-10-10,0
2022-10-10,0
2022-10-10,0
2022-10-10,0
2022-10-10,0
2022-10-10,0
2022-10-10,0
2022-10-10,0
2022-10-10,0
2022-10-10,0
2022-10-10,0
2022-10-10,0
2022-10-10,0
2022-10-10,0
2022-10-11,0
2022-10-11,0
2022-10-11,0
2022-10-11,0
2022-10-11,0
2022-10-11,0
2022-10-11,0
2022-10-11,0
2022-10-11,0
2022-10-11,0
2022-10-11,0
2022-10-11,0
2022-10-11,0
2022-10-11,0
2022-10-11,0
2022-10-11,0
2022-10-11,0
2022-10-11,0
2022-10-11,0
2022-10-11,0
2022-10-11,0
2022-10-11,0
2022-10-11,0
2022-10-11,0
2022-10-12,0
2022-10-12,0
2022-10-12,0
2022-10-12,0
2022-10-12,0
2022-10-12,0
2022-10-12,0
2022-10-12,0
2022-10-12,0
2022-10-12,0
2022-10-12,0
2022-10-12,0
2022-10-12,0
2022-10-12,0
2022-10-12,0
2022-10-12,0
2022-10-12,0
2022-10-12,0
2022-10-12,0
2022-10-12,0
2022-10-12,0
2022-10-12,0
2022-10-12,0
2022-10-12,0
2022-10-13,0
2022-10-13,0
2022-10-13,0
2022-10-13,0
2022-10-13,0
2022-10-13,0
2022-10-13,0
2022-10-13,0
2022-10-13,0
2022-10-13,0
2022-10-13,0
2022-10-13,0
2022-10-13,0
2022-10-13,0
2022-10-13,0
2022-10-13,0
2022-10-13,0
2022-10-13,0
2022-10-13,0
2022-10-13,0
2022-10-13,0
2022-10-13,0
2022-10-13,0
2022-10-13,0
2022-10-14,0
2022-10-14,0
2022-10-14,0
2022-10-14,0
2022-10-14,0
2022-10-14,0
2022-10-14,0
2022-10-14,0
2022-10-14,0
2022-10-14,0
2022-10-14,0
2022-10-14,0
2022-10-14,0
2022-10-14,0
2022-10-14,0
2022-10-14,0
2022-10-14,0
2022-10-14,0
2022-10-14,0
2022-10-14,0
2022-10-14,0
2022-10-14,0
2022-10-14,0
2022-10-14,0
2022-10-15,0
2022-10-15,0
2022-10-15,0
2022-10-15,0
2022-10-15,0
2022-10-15,0
2022-10-15,0
2022-10-15,0
2022-10-15,0
2022-10-15,0
2022-10-15,0
2022-10-15,0
2022-10-15,0
2022-10-15,0
2022-10-15,0
2022-10-15,0
2022-10-15,0
2022-10-15,0
2022-10-15,0
2022-10-15,0
2022-10-15,0
2022-10-15,0
2022-10-15,0
2022-10-15,0
2022-10-16,0
2022-10-16,0
2022-10-16,0
2022-10-16,0
2022-10-16,0
2022-10-16,0
2022-10-16,0
2022-10-16,0
2022-10-16,0
2022-10-16,0
2022-10-16,0
2022-10-16,0
2022-10-16,0
2022-10-16,0
2022-10-16,0
2022-10-16,0
2022-10-16,0
2022-10-16,0
2022-10-16,0
2022-10-16,0
2022-10-16,0
2022-10-16,0
2022-10-16,0
2022-10-16,0
2022-10-17,0
2022-10-17,0
2022-10-17,0
2022-10-17,0
2022-10-17,0
2022-10-17,0
2022-10-17,0
2022-10-17,0
2022-10-17,0
2022-10-17,0
2022-10-17,0
2022-10-17,0
2022-10-17,0
2022-10-17,0
2022-10-17,0
2022-10-17,0
2022-10-17,0
2022-10-17,0
2022-10-17,0
2022-10-17,0
2022-10-17,0
2022-10-17,0
2022-10-17,0
2022-10-17,0
2022-10-18,0
2022-10-18,0
2022-10-18,0
2022-10-18,0
2022-10-18,0
2022-10-18,0
2022-10-18,0
2022-10-18,0
2022-10-18,0
2022-10-18,0
2022-10-18,0
2022-10-18,0
2022-10-18,0
2022-10-18,0
2022-10-18,0
2022-10-18,0
2022-10-18,0
2022-10-18,0
2022-10-18,0
2022-10-18,0
2022-10-18,0
2022-10-18,0
2022-10-18,0
2022-10-18,0
2022-10-19,0
2022-10-19,0
2022-10-19,0
2022-10-19,0
2022-10-19,0
2022-10-19,0
2022-10-19,0
2022-10-19,0
2022-10-19,0
2022-10-19,0
2022-10-19,0
2022-10-19,0
2022-10-19,0
2022-10-19,0
2022-10-19,0
2022-10-19,0
2022-10-19,0
2022-10-19,0
2022-10-19,0
2022-10-19,0
2022-10-19,0
2022-10-19,0
2022-10-19,0
2022-10-19,0
2022-10-20,0
2022-10-20,0
2022-10-20,0
2022-10-20,0
2022-10-20,0
2022-10-20,0
2022-10-20,0
2022-10-20,0
2022-10-20,0
2022-10-20,0
2022-10-20,0
2022-10-20,0
2022-10-20,0
2022-10-20,0
2022-10-20,0
2022-10-20,0
2022-10-20,0
2022-10-20,0
2022-10-20,0
2022-10-20,0
2022-10-20,0
2022-10-20,0
2022-10-20,0
2022-10-20,0
2022-10-21,0
2022-10-21,0
2022-10-21,0
2022-10-21,0
2022-10-21,0
2022-10-21,0
2022-10-21,0
2022-10-21,0
2022-10-21,0
2022-10-21,0
2022-10-21,0
2022-10-21,0
2022-10-21,0
2022-10-21,0
2022-10-21,0
2022-10-21,0
2022-10-21,0
2022-10-21,0
2022-10-21,0
2022-10-21,0
2022-10-21,0
2022-10-21,0
2022-10-21,0
2022-10-21,0
2022-10-22,0
2022-10-22,0
2022-10-22,0
2022-10-22,0
2022-10-22,0
2022-10-22,0
2022-10-22,0
2022-10-22,0
2022-10-22,0
2022-10-22,0
2022-10-22,0
2022-10-22,0
2022-10-22,0
2022-10-22,0
2022-10-22,0
2022-10-22,0
2022-10-22,0
2022-10-22,0
2022-10-22,0
2022-10-22,0
2022-10-22,0
2022-10-22,0
2022-10-22,0
2022-10-22,0
2022-10-23,0
2022-10-23,0
2022-10-23,0
2022-10-23,0
2022-10-23,0
2022-10-23,0
2022-10-23,0
2022-10-23,0
2022-10-23,0
2022-10-23,0
2022-10-23,0
2022-10-23,0
2022-10-23,0
2022-10-23,0
2022-10-23,0
2022-10-23,0
2022-10-23,0
2022-10-23,0
2022-10-23,0
2022-10-23,0
2022-10-23,0
2022-10-23,0
2022-10-23,0
2022-10-23,0
2022-10-24,0
2022-10-24,0
2022-10-24,0
2022-10-24,0
2022-10-24,0
2022-10-24,0
2022-10-24,0
2022-10-24,0
2022-10-24,0
2022-10-24,0
2022-10-24,0
2022-10-24,0
2022-10-24,0
2022-10-24,0
2022-10-24,0
2022-10-24,0
2022-10-24,0
2022-10-24,0
2022-10-24,0
2022-10-24,0
2022-10-24,0
2022-10-24,0
2022-10-24,0
2022-10-24,0
2022-10-25,0
2022-10-25,0
2022-10-25,0
2022-10-25,0
2022-10-25,0
2022-10-25,0
2022-10-25,0
2022-10-25,0
2022-10-25,0
2022-10-25,0
2022-10-25,0
2022-10-25,0
2022-10-25,0
2022-10-25,0
2022-10-25,0
2022-10-25,0
2022-10-25,0
2022-10-25,0
2022-10-25,0
2022-10-25,0
2022-10-25,0
2022-10-25,0
2022-10-25,0
2022-10-25,0
2022-10-26,0
2022-10-26,0
2022-10-26,0
2022-10-26,0
2022-10-26,0
2022-10-26,0
2022-10-26,0
2022-10-26,0
2022-10-26,0
2022-10-26,0
2022-10-26,0
2022-10-26,0
2022-10-26,0
2022-10-26,0
2022-10-26,0
2022-10-26,0
2022-10-26,0
2022-10-26,0
2022-10-26,0
2022-10-26,0
2022-10-26,0
2022-10-26,0
2022-10-26,0
2022-10-26,0
2022-10-27,0
2022-10-27,0
2022-10-27,0
2022-10-27,0
2022-10-27,0
2022-10-27,0
2022-10-27,0
2022-10-27,0
2022-10-27,0
2022-10-27,0
2022-10-27,0
2022-10-27,0
2022-10-27,0
2022-10-27,0
2022-10-27,0
2022-10-27,0
2022-10-27,0
2022-10-27,0
2022-10-27,0
2022-10-27,0
2022-10-27,0
2022-10-27,0
2022-10-27,0
2022-10-27,0
2022-10-28,0
2022-10-28,0
2022-10-28,0
2022-10-28,0
2022-10-28,0
2022-10-28,0
2022-10-28,0
2022-10-28,0
2022-10-28,0
2022-10-28,0
2022-10-28,0
2022-10-28,0
2022-10-28,0
2022-10-28,0
2022-10-28,0
2022-10-28,0
2022-10-28,0
2022-10-28,0
2022-10-28,0
2022-10-28,0
2022-10-28,0
2022-10-28,0
2022-10-28,0
2022-10-28,0
2022-10-29,0
2022-10-29,0
2022-10-29,0
2022-10-29,0
2022-10-29,0
2022-10-29,0
2022-10-29,0
2022-10-29,0
2022-10-29,0
2022-10-29,0
2022-10-29,0
2022-10-29,0
2022-10-29,0
2022-10-29,0
2022-10-29,0
2022-10-29,0
2022-10-29,0
2022-10-29,0
2022-10-29,0
2022-10-29,0
2022-10-29,0
2022-10-29,0
2022-10-29,0
2022-10-29,0
2022-10-30,0
2022-10-30,0
2022-10-30,0
2022-10-30,0
2022-10-30,0
2022-10-30,0
2022-10-30,0
2022-10-30,0
2022-10-30,0
2022-10-30,0
2022-10-30,0
2022-10-30,0
2022-10-30,0
2022-10-30,0
2022-10-30,0
2022-10-30,0
2022-10-30,0
2022-10-30,0
2022-10-30,0
2022-10-30,0
2022-10-30,0
2022-10-30,0
2022-10-30,0
2022-10-30,0
2022-10-31,0
2022-10-31,0
2022-10-31,0
2022-10-31,0
2022-10-31,0
2022-10-31,0
2022-10-31,0
2022-10-31,0
2022-10-31,0
2022-10-31,0
2022-10-31,0
2022-10-31,0
2022-10-31,0
2022-10-31,0
2022-10-31,0
2022-10-31,0
2022-10-31,0
2022-10-31,0
2022-10-31,0
2022-10-31,0
2022-10-31,0
2022-10-31,0
2022-10-31,0
2022-10-31,0
2022-11-01,0
2022-11-01,0
2022-11-01,0
2022-11-01,0
2022-11-01,0
2022-11-01,0
2022-11-01,0
2022-11-01,0
2022-11-01,0
2022-11-01,0
2022-11-01,0
2022-11-01,0
2022-11-01,0
2022-11-01,0
2022-11-01,0
2022-11-01,0
2022-11-01,0
2022-11-01,0
2022-11-01,0
2022-11-01,0
2022-11-01,0
2022-11-01,0
2022-11-01,0
2022-11-01,0
2022-11-02,0
2022-11-02,0
2022-11-02,0
2022-11-02,0
2022-11-02,0
2022-11-02,0
2022-11-02,0
2022-11-02,0
2022-11-02,0
2022-11-02,0
2022-11-02,0
2022-11-02,0
2022-11-02,0
2022-11-02,0
2022-11-02,0
2022-11-02,0
2022-11-02,0
2022-11-02,0
2022-11-02,0
2022-11-02,0
2022-11-02,0
2022-11-02,0
2022-11-02,0
2022-11-02,0
2022-11-03,0
2022-11-03,0
2022-11-03,0
2022-11-03,0
2022-11-03,0
2022-11-03,0
2022-11-03,0
2022-11-03,0
2022-11-03,0
2022-11-03,0
2022-11-03,0
2022-11-03,0
2022-11-03,0
2022-11-03,0
2022-11-03,0
2022-11-03,0
2022-11-03,0
2022-11-03,0
2022-11-03,0
2022-11-03,0
2022-11-03,0
2022-11-03,0
2022-11-03,0
2022-11-03,0
2022-11-04,0
2022-11-04,0
2022-11-04,0
2022-11-04,0
2022-11-04,0
2022-11-04,0
2022-11-04,0
2022-11-04,0
2022-11-04,0
2022-11-04,0
2022-11-04,0
2022-11-04,0
2022-11-04,0
2022-11-04,0
2022-11-04,0
2022-11-04,0
2022-11-04,0
2022-11-04,0
2022-11-04,0
2022-11-04,0
2022-11-04,0
2022-11-04,0
2022-11-04,0
2022-11-04,0
2022-11-05,0
2022-11-05,0
2022-11-05,0
2022-11-05,0
2022-11-05,0
2022-11-05,0
2022-11-05,0
2022-11-05,0
2022-11-05,0
2022-11-05,0
2022-11-05,0
2022-11-05,0
2022-11-05,0
2022-11-05,0
2022-11-05,0
2022-11-05,0
2022-11-05,0
2022-11-05,0
2022-11-05,0
2022-11-05,0
2022-11-05,0
2022-11-05,0
2022-11-05,0
2022-11-05,0
2022-11-06,0
2022-11-06,0
2022-11-06,0
2022-11-06,0
2022-11-06,0
2022-11-06,0
2022-11-06,0
2022-11-06,0
2022-11-06,0
2022-11-06,0
2022-11-06,0
2022-11-06,0
2022-11-06,0
2022-11-06,0
2022-11-06,0
2022-11-06,0
2022-11-06,0
2022-11-06,0
2022-11-06,0
2022-11-06,0
2022-11-06,0
2022-11-06,0
2022-11-06,0
2022-11-06,0
2022-11-07,0
2022-11-07,0
2022-11-07,0
2022-11-07,0
2022-11-07,0
2022-11-07,0
2022-11-07,0
2022-11-07,0
2022-11-07,0
2022-11-07,0
2022-11-07,0
2022-11-07,0
2022-11-07,0
2022-11-07,0
2022-11-07,0
2022-11-07,0
2022-11-07,0
2022-11-07,0
2022-11-07,0
2022-11-07,0
2022-11-07,0
2022-11-07,0
2022-11-07,0
2022-11-07,0
2022-11-08,0
2022-11-08,0
2022-11-08,0
2022-11-08,0
2022-11-08,0
2022-11-08,0
2022-11-08,0
2022-11-08,0
2022-11-08,0
2022-11-08,0
2022-11-08,0
2022-11-08,0
2022-11-08,0
2022-11-08,0
2022-11-08,0
2022-11-08,0
2022-11-08,0
2022-11-08,0
2022-11-08,0
2022-11-08,0
2022-11-08,0
2022-11-08,0
2022-11-08,0
2022-11-08,0
2022-11-09,0
2022-11-09,0
2022-11-09,0
2022-11-09,0
2022-11-09,0
2022-11-09,0
2022-11-09,0
2022-11-09,0
2022-11-09,0
2022-11-09,0
2022-11-09,0
2022-11-09,0
2022-11-09,0
2022-11-09,0
2022-11-09,0
2022-11-09,0
2022-11-09,0
2022-11-09,0
2022-11-09,0
2022-11-09,0
2022-11-09,0
2022-11-09,0
2022-11-09,0
2022-11-09,0
2022-11-10,0
2022-11-10,0
2022-11-10,0
2022-11-10,0
2022-11-10,0
2022-11-10,0
2022-11-10,0
2022-11-10,0
2022-11-10,0
2022-11-10,0
2022-11-10,0
2022-11-10,0
2022-11-10,0
2022-11-10,0
2022-11-10,0
2022-11-10,0
2022-11-10,0
2022-11-10,0
2022-11-10,0
2022-11-10,0
2022-11-10,0
2022-11-10,0
2022-11-10,0
2022-11-10,0
2022-11-11,0
2022-11-11,0
2022-11-11,0
2022-11-11,0
2022-11-11,0
2022-11-11,0
2022-11-11,0
2022-11-11,0
2022-11-11,0
2022-11-11,0
2022-11-11,0
2022-11-11,0
2022-11-11,0
2022-11-11,0
2022-11-11,0
2022-11-11,0
2022-11-11,0
2022-11-11,0
2022-11-11,0
2022-11-11,0
2022-11-11,0
2022-11-11,0
2022-11-11,0
2022-11-11,0
2022-11-12,0
2022-11-12,0
2022-11-12,0
2022-11-12,0
2022-11-12,0
2022-11-12,0
2022-11-12,0
2022-11-12,0
2022-11-12,0
2022-11-12,0
2022-11-12,0
2022-11-12,0
2022-11-12,0
2022-11-12,0
2022-11-12,0
2022-11-12,0
2022-11-12,0
2022-11-12,0
2022-11-12,0
2022-11-12,0
2022-11-12,0
2022-11-12,0
2022-11-12,0
2022-11-12,0
2022-11-13,0
2022-11-13,0
2022-11-13,0
2022-11-13,0
2022-11-13,0
2022-11-13,0
2022-11-13,0
2022-11-13,0
2022-11-13,0
2022-11-13,0
2022-11-13,0
2022-11-13,0
2022-11-13,0
2022-11-13,0
2022-11-13,0
2022-11-13,0
2022-11-13,0
2022-11-13,0
2022-11-13,0
2022-11-13,0
2022-11-13,0
2022-11-13,0
2022-11-13,0
2022-11-13,0
2022-11-14,0
2022-11-14,0
2022-11-14,0
2022-11-14,0
2022-11-14,0
2022-11-14,0
2022-11-14,0
2022-11-14,0
2022-11-14,0
2022-11-14,0
2022-11-14,0
2022-11-14,0
2022-11-14,0
2022-11-14,0
2022-11-14,0
2022-11-14,0
2022-11-14,0
2022-11-14,0
2022-11-14,0
2022-11-14,0
2022-11-14,0
2022-11-14,0
2022-11-14,0
2022-11-14,0
2022-11-15,0
2022-11-15,0
2022-11-15,0
2022-11-15,0
2022-11-15,0
2022-11-15,0
2022-11-15,0
2022-11-15,0
2022-11-15,0
2022-11-15,0
2022-11-15,0
2022-11-15,0
2022-11-15,0
2022-11-15,0
2022-11-15,0
2022-11-15,0
2022-11-15,0
2022-11-15,0
2022-11-15,0
2022-11-15,0
2022-11-15,0
2022-11-15,0
2022-11-15,0
2022-11-15,0
2022-11-16,0
2022-11-16,0
2022-11-16,0
2022-11-16,0
2022-11-16,0
2022-11-16,0
2022-11-16,0
2022-11-16,0
2022-11-16,0
2022-11-16,0.13
2022-11-16,0.15
2022-11-16,0.28
2022-11-16,1.21
2022-11-16,3.09
2022-11-16,5.07
2022-11-16,7.06
2022-11-16,9.05
2022-11-16,10.19
2022-11-16,11.25
2022-11-16,11.18
2022-11-16,11.83
2022-11-16,12.14
2022-11-16,12.06
2022-11-16,11.98
2022-11-17,11.9
2022-11-17,11.82
2022-11-17,11.74
2022-11-17,11.67
2022-11-17,11.6
2022-11-17,11.53
2022-11-17,11.46
2022-11-17,11.39
2022-11-17,11.33
2022-11-17,11.26
2022-11-17,11.2
2022-11-17,11.13
2022-11-17,11.07
2022-11-17,11
2022-11-17,10.94
2022-11-17,10.87
2022-11-17,10.81
2022-11-17,10.74
2022-11-17,10.68
2022-11-17,10.62
2022-11-17,10.56
2022-11-17,10.5
2022-11-17,10.44
2022-11-17,10.39
2022-11-18,10.33
2022-11-18,10.28
2022-11-18,10.22
2022-11-18,10.17
2022-11-18,10.12
2022-11-18,10.08
2022-11-18,10.04
2022-11-18,8.75
2022-11-18,7.48
2022-11-18,6.21
2022-11-18,4.95
2022-11-18,3.69
2022-11-18,2.56
2022-11-18,2.64
2022-11-18,2.63
2022-11-18,2.61
2022-11-18,2.58
2022-11-18,2.56
2022-11-18,2.53
2022-11-18,2.5
2022-11-18,2.47
2022-11-18,2.44
2022-11-18,2.42
2022-11-18,2.4
2022-11-19,2.39
2022-11-19,2.38
2022-11-19,2.37
2022-11-19,2.35
2022-11-19,2.34
2022-11-19,2.33
2022-11-19,2.32
2022-11-19,2.31
2022-11-19,2.3
2022-11-19,2.29
2022-11-19,2.28
2022-11-19,2.26
2022-11-19,2.25
2022-11-19,2.24
2022-11-19,2.22
2022-11-19,2.2
2022-11-19,2.17
2022-11-19,2.15
2022-11-19,2.12
2022-11-19,2.1
2022-11-19,2.07
2022-11-19,2.05
2022-11-19,2.02
2022-11-19,1.99
2022-11-20,1.97
2022-11-20,1.94
2022-11-20,1.92
2022-11-20,1.89
2022-11-20,1.86
2022-11-20,1.84
2022-11-20,1.81
2022-11-20,1.79
2022-11-20,1.77
2022-11-20,1.74
2022-11-20,1.72
2022-11-20,1.75
2022-11-20,1.74
2022-11-20,1.72
2022-11-20,1.7
2022-11-20,1.68
2022-11-20,1.65
2022-11-20,1.62
2022-11-20,1.58
2022-11-20,1.53
2022-11-20,1.48
2022-11-20,1.42
2022-11-20,1.37
2022-11-20,1.32
2022-11-21,1.28
2022-11-21,1.25
2022-11-21,1.22
2022-11-21,1.2
2022-11-21,1.17
2022-11-21,1.15
2022-11-21,1.13
2022-11-21,1.12
2022-11-21,1.11
2022-11-21,1.09
2022-11-21,1.08
2022-11-21,1.08
2022-11-21,1.07
2022-11-21,1.06
2022-11-21,1.05
2022-11-21,1.03
2022-11-21,1.01
2022-11-21,0.97
2022-11-21,0.93
2022-11-21,0.89
2022-11-21,0.84
2022-11-21,0.78
2022-11-21,0.73
2022-11-21,0.67
2022-11-22,0.61
2022-11-22,0.54
2022-11-22,0.48
2022-11-22,0.42
2022-11-22,0.38
2022-11-22,0.36
2022-11-22,0.33
2022-11-22,0.31
2022-11-22,0.28
2022-11-22,0.25
2022-11-22,0.22
2022-11-22,0.19
2022-11-22,0.17
2022-11-22,0.16
2022-11-22,0.15
2022-11-22,0.15
2022-11-22,0.13
2022-11-22,0.13
2022-11-22,0.11
2022-11-22,0.09
2022-11-22,0.07
2022-11-22,0
2022-11-22,0
2022-11-22,0
2022-11-23,0
2022-11-23,0
2022-11-23,0
2022-11-23,0
2022-11-23,0
2022-11-23,0
2022-11-23,0
2022-11-23,0
2022-11-23,0
2022-11-23,0
2022-11-23,0
2022-11-23,0
2022-11-23,0
2022-11-23,0
2022-11-23,0
2022-11-23,0
2022-11-23,0
2022-11-23,0
2022-11-23,0
2022-11-23,0
2022-11-23,0
2022-11-23,0
2022-11-23,0
2022-11-23,0
2022-11-24,0
2022-11-24,0
2022-11-24,0
2022-11-24,0
2022-11-24,0
2022-11-24,0
2022-11-24,0
2022-11-24,0
2022-11-24,0
2022-11-24,0
2022-11-24,0
2022-11-24,0
2022-11-24,0
2022-11-24,0
2022-11-24,0
2022-11-24,0
2022-11-24,0
2022-11-24,0
2022-11-24,0
2022-11-24,0
2022-11-24,0
2022-11-24,0
2022-11-24,0
2022-11-24,0
2022-11-25,0
2022-11-25,0
2022-11-25,0
2022-11-25,0
2022-11-25,0
2022-11-25,0
2022-11-25,0
2022-11-25,0
2022-11-25,0
2022-11-25,0
2022-11-25,0
2022-11-25,0
2022-11-25,0
2022-11-25,0
2022-11-25,0
2022-11-25,0
2022-11-25,0
2022-11-25,0
2022-11-25,0
2022-11-25,0
2022-11-25,0
2022-11-25,0
2022-11-25,0
2022-11-25,0
2022-11-26,0
2022-11-26,0
2022-11-26,0
2022-11-26,0
2022-11-26,0
2022-11-26,0
2022-11-26,0
2022-11-26,0
2022-11-26,0
2022-11-26,0
2022-11-26,0
2022-11-26,0
2022-11-26,0
2022-11-26,0
2022-11-26,0
2022-11-26,0
2022-11-26,0
2022-11-26,0
2022-11-26,0
2022-11-26,0
2022-11-26,0
2022-11-26,0
2022-11-26,0
2022-11-26,0
2022-11-27,0
2022-11-27,0
2022-11-27,0
2022-11-27,0
2022-11-27,0
2022-11-27,0
2022-11-27,0
2022-11-27,0
2022-11-27,0
2022-11-27,0
2022-11-27,0
2022-11-27,0
2022-11-27,0
2022-11-27,0
2022-11-27,0
2022-11-27,0
2022-11-27,0
2022-11-27,0
2022-11-27,0
2022-11-27,0
2022-11-27,0
2022-11-27,0
2022-11-27,0
2022-11-27,0
2022-11-28,0
2022-11-28,0
2022-11-28,0
2022-11-28,0
2022-11-28,0
2022-11-28,0
2022-11-28,0
2022-11-28,0
2022-11-28,0
2022-11-28,0
2022-11-28,0
2022-11-28,0
2022-11-28,0
2022-11-28,0
2022-11-28,0
2022-11-28,0
2022-11-28,0
2022-11-28,0
2022-11-28,0
2022-11-28,0
2022-11-28,0
2022-11-28,0
2022-11-28,0
2022-11-28,0
2022-11-29,0
2022-11-29,0
2022-11-29,0
2022-11-29,0
2022-11-29,0
2022-11-29,0
2022-11-29,0
2022-11-29,0
2022-11-29,0
2022-11-29,0
2022-11-29,0
2022-11-29,0
2022-11-29,0
2022-11-29,0
2022-11-29,0
2022-11-29,0
2022-11-29,0
2022-11-29,0
2022-11-29,0
2022-11-29,0
2022-11-29,0
2022-11-29,0
2022-11-29,0
2022-11-29,0
2022-11-30,0
2022-11-30,0
2022-11-30,0
2022-11-30,0
2022-11-30,0
2022-11-30,0
2022-11-30,0
2022-11-30,0
2022-11-30,0
2022-11-30,0
2022-11-30,0
2022-11-30,0
2022-11-30,0
2022-11-30,0
2022-11-30,0
2022-11-30,0
2022-11-30,0
2022-11-30,0
2022-11-30,0
2022-11-30,0
2022-11-30,0
2022-11-30,0
2022-11-30,0
2022-11-30,0
2022-12-01,0
2022-12-01,0
2022-12-01,0
2022-12-01,0
2022-12-01,0
2022-12-01,0
2022-12-01,0
2022-12-01,0
2022-12-01,0
2022-12-01,0
2022-12-01,0
2022-12-01,0
2022-12-01,0
2022-12-01,0
2022-12-01,0
2022-12-01,0
2022-12-01,0
2022-12-01,0
2022-12-01,0
2022-12-01,0
2022-12-01,0
2022-12-01,0
2022-12-01,0
2022-12-01,0
2022-12-02,0
2022-12-02,0
2022-12-02,0
2022-12-02,0
2022-12-02,0
2022-12-02,0
2022-12-02,0
2022-12-02,0
2022-12-02,0
2022-12-02,0
2022-12-02,0
2022-12-02,0
2022-12-02,0
2022-12-02,0
2022-12-02,0
2022-12-02,0
2022-12-02,0
2022-12-02,0
2022-12-02,0
2022-12-02,0
2022-12-02,0
2022-12-02,0
2022-12-02,0
2022-12-02,0
2022-12-03,0
2022-12-03,0
2022-12-03,0
2022-12-03,0
2022-12-03,0
2022-12-03,0
2022-12-03,0
2022-12-03,0
2022-12-03,0
2022-12-03,0
2022-12-03,0
2022-12-03,0
2022-12-03,0
2022-12-03,0
2022-12-03,0
2022-12-03,0
2022-12-03,0
2022-12-03,0
2022-12-03,0
2022-12-03,0
2022-12-03,0
2022-12-03,0
2022-12-03,0
2022-12-03,0
2022-12-04,0
2022-12-04,0
2022-12-04,0
2022-12-04,0
2022-12-04,0
2022-12-04,0
2022-12-04,0
2022-12-04,0
2022-12-04,0
2022-12-04,0
2022-12-04,0
2022-12-04,0
2022-12-04,0
2022-12-04,0
2022-12-04,0
2022-12-04,0
2022-12-04,0
2022-12-04,0
2022-12-04,0
2022-12-04,0
2022-12-04,0
2022-12-04,0
2022-12-04,0
2022-12-04,0
2022-12-05,0
2022-12-05,0
2022-12-05,0
2022-12-05,0
2022-12-05,0
2022-12-05,0
2022-12-05,0
2022-12-05,0
2022-12-05,0
2022-12-05,0
2022-12-05,0
2022-12-05,0
2022-12-05,0
2022-12-05,0
2022-12-05,0
2022-12-05,0
2022-12-05,0
2022-12-05,0
2022-12-05,0
2022-12-05,0
2022-12-05,0
2022-12-05,0
2022-12-05,0
2022-12-05,0
2022-12-06,0
2022-12-06,0
2022-12-06,0
2022-12-06,0
2022-12-06,0
2022-12-06,0
2022-12-06,0
2022-12-06,0
2022-12-06,0
2022-12-06,0
2022-12-06,0
2022-12-06,0
2022-12-06,0
2022-12-06,0
2022-12-06,0
2022-12-06,0
2022-12-06,0
2022-12-06,0
2022-12-06,0
2022-12-06,0
2022-12-06,0
2022-12-06,0
2022-12-06,0
2022-12-06,0
2022-12-07,0
2022-12-07,0
2022-12-07,0
2022-12-07,0
2022-12-07,0
2022-12-07,0
2022-12-07,0
2022-12-07,0
2022-12-07,0
2022-12-07,0
2022-12-07,0
2022-12-07,0
2022-12-07,0
2022-12-07,0
2022-12-07,0
2022-12-07,0
2022-12-07,0
2022-12-07,0
2022-12-07,0
2022-12-07,0
2022-12-07,0
2022-12-07,0
2022-12-07,0
2022-12-07,0
2022-12-08,0
2022-12-08,0
2022-12-08,0
2022-12-08,0
2022-12-08,0
2022-12-08,0
2022-12-08,0
2022-12-08,0
2022-12-08,0
2022-12-08,0
2022-12-08,0
2022-12-08,0
2022-12-08,0
2022-12-08,0
2022-12-08,0
2022-12-08,0
2022-12-08,0
2022-12-08,0
2022-12-08,0
2022-12-08,0
2022-12-08,0
2022-12-08,0
2022-12-08,0
2022-12-08,0
2022-12-09,0
2022-12-09,0
2022-12-09,0
2022-12-09,0
2022-12-09,0
2022-12-09,0
2022-12-09,0
2022-12-09,0
2022-12-09,0
2022-12-09,0
2022-12-09,0
2022-12-09,0
2022-12-09,0
2022-12-09,0
2022-12-09,0
2022-12-09,0
2022-12-09,0
2022-12-09,0
2022-12-09,0
2022-12-09,0
2022-12-09,0
2022-12-09,0
2022-12-09,0
2022-12-09,0
2022-12-10,0
2022-12-10,0
2022-12-10,0
2022-12-10,0
2022-12-10,0
2022-12-10,0
2022-12-10,0
2022-12-10,0
2022-12-10,0
2022-12-10,0
2022-12-10,0
2022-12-10,0
2022-12-10,0
2022-12-10,0
2022-12-10,0
2022-12-10,0
2022-12-10,0
2022-12-10,0
2022-12-10,0
2022-12-10,0
2022-12-10,0
2022-12-10,0
2022-12-10,0
2022-12-10,0
2022-12-11,0
2022-12-11,0
2022-12-11,0
2022-12-11,0
2022-12-11,0
2022-12-11,0
2022-12-11,0
2022-12-11,0
2022-12-11,0
2022-12-11,0
2022-12-11,0
2022-12-11,0
2022-12-11,0
2022-12-11,0
2022-12-11,0
2022-12-11,0
2022-12-11,0
2022-12-11,0
2022-12-11,0
2022-12-11,0
2022-12-11,0
2022-12-11,0
2022-12-11,0
2022-12-11,0
2022-12-12,0.12
2022-12-12,0.28
2022-12-12,0.49
2022-12-12,0.59
2022-12-12,0.67
2022-12-12,0.72
2022-12-12,0.74
2022-12-12,0.73
2022-12-12,0.73
2022-12-12,0.72
2022-12-12,0.7
2022-12-12,0.69
2022-12-12,0.68
2022-12-12,0.67
2022-12-12,0.66
2022-12-12,0.65
2022-12-12,0.64
2022-12-12,0.63
2022-12-12,0.61
2022-12-12,0.59
2022-12-12,0.57
2022-12-12,0.55
2022-12-12,0.53
2022-12-12,0.52
2022-12-13,0.51
2022-12-13,0.5
2022-12-13,0.49
2022-12-13,0.48
2022-12-13,0.48
2022-12-13,0.47
2022-12-13,0.47
2022-12-13,0.46
2022-12-13,0.46
2022-12-13,0.45
2022-12-13,0.45
2022-12-13,0.44
2022-12-13,0.44
2022-12-13,0.43
2022-12-13,0.43
2022-12-13,0.42
2022-12-13,0.42
2022-12-13,0.41
2022-12-13,0.4
2022-12-13,0.38
2022-12-13,0.36
2022-12-13,0.34
2022-12-13,0.32
2022-12-13,0.3
2022-12-14,0.28
2022-12-14,0.26
2022-12-14,0.25
2022-12-14,0.24
2022-12-14,0.21
2022-12-14,0.19
2022-12-14,0.17
2022-12-14,0.68
2022-12-14,1.17
2022-12-14,1.67
2022-12-14,2.16
2022-12-14,2.65
2022-12-14,3.14
2022-12-14,3.11
2022-12-14,3.08
2022-12-14,3.05
2022-12-14,3.02
2022-12-14,2.99
2022-12-14,2.96
2022-12-14,2.93
2022-12-14,2.9
2022-12-14,2.87
2022-12-14,2.84
2022-12-14,2.81
2022-12-15,2.78
2022-12-15,2.76
2022-12-15,2.73
2022-12-15,2.71
2022-12-15,2.68
2022-12-15,2.65
2022-12-15,2.63
2022-12-15,2.6
2022-12-15,2.57
2022-12-15,2.55
2022-12-15,2.52
2022-12-15,2.5
2022-12-15,2.47
2022-12-15,2.44
2022-12-15,2.41
2022-12-15,2.38
2022-12-15,2.36
2022-12-15,2.33
2022-12-15,2.31
2022-12-15,2.29
2022-12-15,2.27
2022-12-15,2.25
2022-12-15,2.23
2022-12-15,2.21
2022-12-16,2.19
2022-12-16,2.17
2022-12-16,2.15
2022-12-16,2.13
2022-12-16,2.11
2022-12-16,2.1
2022-12-16,2.08
2022-12-16,2.05
2022-12-16,2.03
2022-12-16,2.01
2022-12-16,1.98
2022-12-16,1.96
2022-12-16,1.93
2022-12-16,1.92
2022-12-16,2.04
2022-12-16,2.37
2022-12-16,2.44
2022-12-16,2.56
2022-12-16,2.63
2022-12-16,2.63
2022-12-16,2.64
2022-12-16,2.65
2022-12-16,2.65
2022-12-16,2.68
2022-12-17,2.66
2022-12-17,2.65
2022-12-17,2.69
2022-12-17,3.21
2022-12-17,3.45
2022-12-17,3.5
2022-12-17,3.65
2022-12-17,3.83
2022-12-17,4.17
2022-12-17,5.07
2022-12-17,5.79
2022-12-17,6.42
2022-12-17,7.17
2022-12-17,7.82
2022-12-17,8.57
2022-12-17,9.05
2022-12-17,9.27
2022-12-17,9.35
2022-12-17,9.54
2022-12-17,9.66
2022-12-17,9.88
2022-12-17,9.9
2022-12-17,9.95
2022-12-17,10.01
2022-12-18,9.99
2022-12-18,10.02
2022-12-18,9.98
2022-12-18,9.92
2022-12-18,9.86
2022-12-18,9.79
2022-12-18,9.73
2022-12-18,9.67
2022-12-18,9.62
2022-12-18,9.57
2022-12-18,9.51
2022-12-18,9.46
2022-12-18,9.41
2022-12-18,9.36
2022-12-18,9.32
2022-12-18,9.28
2022-12-18,9.24
2022-12-18,9.19
2022-12-18,9.14
2022-12-18,9.09
2022-12-18,9.05
2022-12-18,9
2022-12-18,8.96
2022-12-18,8.92
2022-12-19,8.88
2022-12-19,8.84
2022-12-19,8.8
2022-12-19,8.76
2022-12-19,8.72
2022-12-19,8.69
2022-12-19,8.66
2022-12-19,9.33
2022-12-19,10
2022-12-19,10.67
2022-12-19,11.33
2022-12-19,11.99
2022-12-19,12.65
2022-12-19,12.6
2022-12-19,12.56
2022-12-19,12.62
2022-12-19,12.58
2022-12-19,12.54
2022-12-19,12.49
2022-12-19,12.44
2022-12-19,12.39
2022-12-19,12.35
2022-12-19,12.3
2022-12-19,12.25
2022-12-20,12.21
2022-12-20,12.16
2022-12-20,12.11
2022-12-20,12.06
2022-12-20,12.01
2022-12-20,11.97
2022-12-20,11.92
2022-12-20,11.89
2022-12-20,11.85
2022-12-20,11.81
2022-12-20,11.78
2022-12-20,11.74
2022-12-20,11.71
2022-12-20,11.67
2022-12-20,11.64
2022-12-20,11.6
2022-12-20,11.57
2022-12-20,11.54
2022-12-20,11.52
2022-12-20,11.49
2022-12-20,11.46
2022-12-20,11.43
2022-12-20,11.4
2022-12-20,11.37
2022-12-21,11.34
2022-12-21,11.31
2022-12-21,11.28
2022-12-21,11.25
2022-12-21,11.23
2022-12-21,11.2
2022-12-21,11.18
2022-12-21,11.44
2022-12-21,11.69
2022-12-21,11.94
2022-12-21,12.19
2022-12-21,12.43
2022-12-21,12.68
2022-12-21,12.65
2022-12-21,12.62
2022-12-21,12.59
2022-12-21,12.56
2022-12-21,12.53
2022-12-21,12.49
2022-12-21,12.45
2022-12-21,12.41
2022-12-21,12.37
2022-12-21,12.33
2022-12-21,12.29
2022-12-22,12.25
2022-12-22,12.21
2022-12-22,12.18
2022-12-22,12.15
2022-12-22,12.12
2022-12-22,12.1
2022-12-22,12.07
2022-12-22,12.05
2022-12-22,12.03
2022-12-22,12.01
2022-12-22,11.98
2022-12-22,11.96
2022-12-22,11.94
2022-12-22,11.92
2022-12-22,11.9
2022-12-22,11.87
2022-12-22,11.85
2022-12-22,11.83
2022-12-22,11.8
2022-12-22,11.76
2022-12-22,11.72
2022-12-22,11.69
2022-12-22,11.65
2022-12-22,11.6
2022-12-23,11.55
2022-12-23,11.5
2022-12-23,11.46
2022-12-23,11.42
2022-12-23,11.38
2022-12-23,11.39
2022-12-23,11.43
2022-12-23,11.45
2022-12-23,11.52
2022-12-23,11.31
2022-12-23,10.6
2022-12-23,9.07
2022-12-23,7.39
2022-12-23,6.91
2022-12-23,7.35
2022-12-23,4.81
2022-12-23,4.95
2022-12-23,2.7
2022-12-23,3.23
2022-12-23,3.58
2022-12-23,0.94
2022-12-23,1.14
2022-12-23,1.31
2022-12-23,0.57
2022-12-24,1.74
2022-12-24,4.15
2022-12-24,5.81
2022-12-24,6.15
2022-12-24,6.14
2022-12-24,6.16
2022-12-24,6.48
2022-12-24,7.18
2022-12-24,8.14
2022-12-24,8.32
2022-12-24,8.29
2022-12-24,8.26
2022-12-24,8.22
2022-12-24,8.18
2022-12-24,8.14
2022-12-24,8.1
2022-12-24,8.06
2022-12-24,8.02
2022-12-24,7.98
2022-12-24,7.94
2022-12-24,7.9
2022-12-24,7.86
2022-12-24,7.82
2022-12-24,7.78
2022-12-25,7.74
2022-12-25,7.69
2022-12-25,7.65
2022-12-25,7.61
2022-12-25,7.57
2022-12-25,7.52
2022-12-25,7.48
2022-12-25,7.44
2022-12-25,7.4
2022-12-25,7.37
2022-12-25,7.33
2022-12-25,7.29
2022-12-25,7.25
2022-12-25,7.21
2022-12-25,7.18
2022-12-25,7.15
2022-12-25,7.12
2022-12-25,7.09
2022-12-25,7.05
2022-12-25,7.01
2022-12-25,6.98
2022-12-25,6.95
2022-12-25,6.91
2022-12-25,6.88
2022-12-26,6.84
2022-12-26,6.8
2022-12-26,6.77
2022-12-26,6.74
2022-12-26,6.7
2022-12-26,6.67
2022-12-26,6.64
2022-12-26,6.61
2022-12-26,6.58
2022-12-26,6.55
2022-12-26,6.52
2022-12-26,6.49
2022-12-26,6.46
2022-12-26,6.44
2022-12-26,6.41
2022-12-26,6.4
2022-12-26,6.37
2022-12-26,6.35
2022-12-26,6.32
2022-12-26,6.29
2022-12-26,6.26
2022-12-26,6.24
2022-12-26,6.21
2022-12-26,6.18
2022-12-27,6.15
2022-12-27,6.12
2022-12-27,6.09
2022-12-27,6.07
2022-12-27,6.04
2022-12-27,6.02
2022-12-27,5.99
2022-12-27,5.96
2022-12-27,5.94
2022-12-27,5.92
2022-12-27,5.9
2022-12-27,5.88
2022-12-27,5.86
2022-12-27,5.92
2022-12-27,6.13
2022-12-27,6.26
2022-12-27,6.26
2022-12-27,6.26
2022-12-27,6.24
2022-12-27,6.23
2022-12-27,6.21
2022-12-27,6.19
2022-12-27,6.17
2022-12-27,6.16
2022-12-28,6.15
2022-12-28,6.14
2022-12-28,6.12
2022-12-28,6.11
2022-12-28,6.09
2022-12-28,6.13
2022-12-28,6.11
2022-12-28,6.09
2022-12-28,6.07
2022-12-28,6.04
2022-12-28,6.02
2022-12-28,6.01
2022-12-28,6.01
2022-12-28,6.04
2022-12-28,6.14
2022-12-28,6.39
2022-12-28,6.71
2022-12-28,6.89
2022-12-28,7.21
2022-12-28,7.22
2022-12-28,7.3
2022-12-28,7.58
2022-12-28,7.74
2022-12-28,7.85
2022-12-29,7.82
2022-12-29,7.79
2022-12-29,7.75
2022-12-29,7.72
2022-12-29,7.69
2022-12-29,7.65
2022-12-29,7.61
2022-12-29,7.57
2022-12-29,7.54
2022-12-29,7.5
2022-12-29,7.46
2022-12-29,7.42
2022-12-29,7.38
2022-12-29,7.33
2022-12-29,7.29
2022-12-29,7.24
2022-12-29,7.2
2022-12-29,7.15
2022-12-29,7.11
2022-12-29,7.07
2022-12-29,7.01
2022-12-29,6.75
2022-12-29,6.23
2022-12-29,5.89
2022-12-30,5.81
2022-12-30,5.67
2022-12-30,5.49
2022-12-30,5.27
2022-12-30,4.89
2022-12-30,4.68
2022-12-30,4.56
2022-12-30,4.37
2022-12-30,4.17
2022-12-30,3.88
2022-12-30,3.36
2022-12-30,3
2022-12-30,2.54
2022-12-30,2.36
2022-12-30,1.94
2022-12-30,1.62
2022-12-30,1.27
2022-12-30,0.39
2022-12-30,0.09
2022-12-30,0.02
2022-12-30,0
2022-12-30,0
2022-12-30,0
2022-12-30,0
2022-12-31,0
2022-12-31,0
2022-12-31,0
2022-12-31,0
2022-12-31,0
2022-12-31,0
2022-12-31,0
2022-12-31,0
2022-12-31,0
2022-12-31,0
2022-12-31,0
2022-12-31,0
2022-12-31,0
2022-12-31,0
2022-12-31,0
2022-12-31,0
2022-12-31,0
2022-12-31,0
2022-12-31,0
2022-12-31,0
2022-12-31,0
2022-12-31,0
2022-12-31,0
2022-12-31,0
2023-01-01,0
2023-01-01,0
2023-01-01,0
2023-01-01,0
2023-01-01,0
2023-01-01,0
2023-01-01,0
2023-01-01,0
2023-01-01,0
2023-01-01,0
2023-01-01,0
2023-01-01,0
2023-01-01,0
2023-01-01,0
2023-01-01,0
2023-01-01,0
2023-01-01,0
2023-01-01,0
2023-01-01,0
2023-01-01,0
2023-01-01,0
2023-01-01,0
2023-01-01,0
2023-01-01,0
2023-01-02,0
2023-01-02,0
2023-01-02,0
2023-01-02,0
2023-01-02,0
2023-01-02,0
2023-01-02,0
2023-01-02,0
2023-01-02,0
2023-01-02,0
2023-01-02,0
2023-01-02,0
2023-01-02,0
2023-01-02,0
2023-01-02,0
2023-01-02,0
2023-01-02,0
2023-01-02,0
2023-01-02,0
2023-01-02,0
2023-01-02,0
2023-01-02,0
2023-01-02,0
2023-01-02,0
2023-01-03,0
2023-01-03,0
2023-01-03,0
2023-01-03,0
2023-01-03,0
2023-01-03,0
2023-01-03,0
2023-01-03,0
2023-01-03,0
2023-01-03,0
2023-01-03,0
2023-01-03,0
2023-01-03,0
2023-01-03,0
2023-01-03,0
2023-01-03,0
2023-01-03,0
2023-01-03,0
2023-01-03,0
2023-01-03,0
2023-01-03,0
2023-01-03,0
2023-01-03,0
2023-01-03,0
2023-01-04,0
2023-01-04,0
2023-01-04,0
2023-01-04,0
2023-01-04,0
2023-01-04,0
2023-01-04,0
2023-01-04,0
2023-01-04,0
2023-01-04,0
2023-01-04,0
2023-01-04,0
2023-01-04,0
2023-01-04,0
2023-01-04,0
2023-01-04,0
2023-01-04,0
2023-01-04,0
2023-01-04,0
2023-01-04,0
2023-01-04,0
2023-01-04,0
2023-01-04,0
2023-01-04,0
2023-01-05,0
2023-01-05,0
2023-01-05,0
2023-01-05,0
2023-01-05,0
2023-01-05,0
2023-01-05,0
2023-01-05,0
2023-01-05,0
2023-01-05,0
2023-01-05,0
2023-01-05,0
2023-01-05,0
2023-01-05,0
2023-01-05,0
2023-01-05,0
2023-01-05,0
2023-01-05,0
2023-01-05,0
2023-01-05,0
2023-01-05,0
2023-01-05,0
2023-01-05,0
2023-01-05,0
2023-01-06,0
2023-01-06,0
2023-01-06,0
2023-01-06,0
2023-01-06,0
2023-01-06,0
2023-01-06,0
2023-01-06,0
2023-01-06,0
2023-01-06,0
2023-01-06,0
2023-01-06,0
2023-01-06,0
2023-01-06,0
2023-01-06,0
2023-01-06,0
2023-01-06,0
2023-01-06,0
2023-01-06,0
2023-01-06,0
2023-01-06,0
2023-01-06,0
2023-01-06,0
2023-01-06,0
2023-01-07,0
2023-01-07,0
2023-01-07,0
2023-01-07,0
2023-01-07,0
2023-01-07,0
2023-01-07,0
2023-01-07,0
2023-01-07,0
2023-01-07,0
2023-01-07,0
2023-01-07,0
2023-01-07,0
2023-01-07,0
2023-01-07,0
2023-01-07,0
2023-01-07,0
2023-01-07,0
2023-01-07,0
2023-01-07,0
2023-01-07,0
2023-01-07,0
2023-01-07,0
2023-01-07,0
2023-01-08,0
2023-01-08,0
2023-01-08,0
2023-01-08,0
2023-01-08,0
2023-01-08,0
2023-01-08,0
2023-01-08,0
2023-01-08,0
2023-01-08,0
2023-01-08,0
2023-01-08,0
2023-01-08,0
2023-01-08,0
2023-01-08,0
2023-01-08,0
2023-01-08,0
2023-01-08,0
2023-01-08,0
2023-01-08,0
2023-01-08,0
2023-01-08,0
2023-01-08,0
2023-01-08,0
2023-01-09,0
2023-01-09,0
2023-01-09,0
2023-01-09,0
2023-01-09,0
2023-01-09,0
2023-01-09,0
2023-01-09,0
2023-01-09,0
2023-01-09,0
2023-01-09,0
2023-01-09,0
2023-01-09,0
2023-01-09,0
2023-01-09,0
2023-01-09,0
2023-01-09,0
2023-01-09,0
2023-01-09,0
2023-01-09,0
2023-01-09,0
2023-01-09,0
2023-01-09,0
2023-01-09,0
2023-01-10,0.15
2023-01-10,0.23
2023-01-10,0.36
2023-01-10,0.36
2023-01-10,0.35
2023-01-10,0.36
2023-01-10,0.8
2023-01-10,0.77
2023-01-10,0.73
2023-01-10,0.7
2023-01-10,0.67
2023-01-10,0.64
2023-01-10,0.61
2023-01-10,0.59
2023-01-10,0.57
2023-01-10,0.56
2023-01-10,0.54
2023-01-10,0.53
2023-01-10,0.51
2023-01-10,0.51
2023-01-10,0.5
2023-01-10,0.49
2023-01-10,0.48
2023-01-10,0.47
2023-01-11,0.47
2023-01-11,0.46
2023-01-11,0.46
2023-01-11,0.46
2023-01-11,0.45
2023-01-11,0.45
2023-01-11,0.45
2023-01-11,0.45
2023-01-11,0.45
2023-01-11,0.44
2023-01-11,0.44
2023-01-11,0.44
2023-01-11,0.43
2023-01-11,0.43
2023-01-11,0.43
2023-01-11,0.43
2023-01-11,0.42
2023-01-11,0.42
2023-01-11,0.42
2023-01-11,0.41
2023-01-11,0.4
2023-01-11,0.4
2023-01-11,0.39
2023-01-11,0.38
2023-01-12,0.37
2023-01-12,0.35
2023-01-12,0.34
2023-01-12,0.33
2023-01-12,0.31
2023-01-12,0.28
2023-01-12,0.26
2023-01-12,0.23
2023-01-12,0.21
2023-01-12,0.18
2023-01-12,0.15
2023-01-12,0.13
2023-01-12,0.11
2023-01-12,0.08
2023-01-12,0
2023-01-12,0
2023-01-12,0
2023-01-12,0
2023-01-12,0
2023-01-12,0
2023-01-12,0
2023-01-12,0
2023-01-12,0
2023-01-12,0
2023-01-13,0
2023-01-13,0
2023-01-13,0
2023-01-13,0
2023-01-13,0
2023-01-13,0
2023-01-13,0
2023-01-13,0
2023-01-13,0
2023-01-13,0
2023-01-13,0
2023-01-13,0
2023-01-13,0
2023-01-13,0
2023-01-13,0
2023-01-13,0
2023-01-13,1.06
2023-01-13,2.57
2023-01-13,3.98
2023-01-13,5.39
2023-01-13,5.73
2023-01-13,5.75
2023-01-13,5.79
2023-01-13,5.8
2023-01-14,5.82
2023-01-14,5.79
2023-01-14,5.75
2023-01-14,5.71
2023-01-14,5.67
2023-01-14,5.63
2023-01-14,5.59
2023-01-14,5.55
2023-01-14,5.51
2023-01-14,5.48
2023-01-14,5.44
2023-01-14,5.41
2023-01-14,5.37
2023-01-14,5.34
2023-01-14,5.31
2023-01-14,5.29
2023-01-14,5.26
2023-01-14,5.23
2023-01-14,5.21
2023-01-14,5.18
2023-01-14,5.15
2023-01-14,5.13
2023-01-14,5.1
2023-01-14,5.07
2023-01-15,5.05
2023-01-15,5.02
2023-01-15,4.99
2023-01-15,4.97
2023-01-15,4.94
2023-01-15,4.92
2023-01-15,4.89
2023-01-15,4.87
2023-01-15,4.85
2023-01-15,4.83
2023-01-15,4.81
2023-01-15,4.79
2023-01-15,4.77
2023-01-15,4.74
2023-01-15,4.72
2023-01-15,4.71
2023-01-15,4.69
2023-01-15,4.67
2023-01-15,4.65
2023-01-15,4.62
2023-01-15,4.6
2023-01-15,4.58
2023-01-15,4.56
2023-01-15,4.54
2023-01-16,4.52
2023-01-16,4.51
2023-01-16,4.49
2023-01-16,4.48
2023-01-16,4.46
2023-01-16,4.45
2023-01-16,4.44
2023-01-16,4.43
2023-01-16,4.41
2023-01-16,4.4
2023-01-16,4.39
2023-01-16,4.37
2023-01-16,4.36
2023-01-16,4.35
2023-01-16,4.34
2023-01-16,4.33
2023-01-16,4.31
2023-01-16,4.3
2023-01-16,4.29
2023-01-16,4.28
2023-01-16,4.27
2023-01-16,4.26
2023-01-16,4.24
2023-01-16,4.23
2023-01-17,4.21
2023-01-17,4.2
2023-01-17,4.18
2023-01-17,4.17
2023-01-17,4.16
2023-01-17,4.15
2023-01-17,4.13
2023-01-17,4.12
2023-01-17,4.1
2023-01-17,4.09
2023-01-17,4.08
2023-01-17,4.07
2023-01-17,4.06
2023-01-17,4.05
2023-01-17,4.04
2023-01-17,4.04
2023-01-17,4.02
2023-01-17,4.01
2023-01-17,3.99
2023-01-17,3.98
2023-01-17,3.96
2023-01-17,3.94
2023-01-17,3.92
2023-01-17,3.91
2023-01-18,3.89
2023-01-18,3.87
2023-01-18,3.85
2023-01-18,3.83
2023-01-18,3.82
2023-01-18,3.8
2023-01-18,3.78
2023-01-18,3.83
2023-01-18,3.81
2023-01-18,3.8
2023-01-18,3.79
2023-01-18,3.78
2023-01-18,3.77
2023-01-18,3.76
2023-01-18,3.76
2023-01-18,3.75
2023-01-18,3.74
2023-01-18,3.88
2023-01-18,4.53
2023-01-18,4.53
2023-01-18,4.52
2023-01-18,4.51
2023-01-18,4.5
2023-01-18,4.48
2023-01-19,4.47
2023-01-19,4.45
2023-01-19,4.44
2023-01-19,4.42
2023-01-19,4.4
2023-01-19,4.38
2023-01-19,4.36
2023-01-19,4.35
2023-01-19,4.34
2023-01-19,4.33
2023-01-19,4.31
2023-01-19,4.3
2023-01-19,4.29
2023-01-19,4.28
2023-01-19,4.27
2023-01-19,4.26
2023-01-19,4.26
2023-01-19,4.24
2023-01-19,4.23
2023-01-19,4.22
2023-01-19,4.21
2023-01-19,4.19
2023-01-19,4.18
2023-01-19,4.16
2023-01-20,4.14
2023-01-20,4.13
2023-01-20,4.77
2023-01-20,8.37
2023-01-20,9.23
2023-01-20,9.37
2023-01-20,9.44
2023-01-20,9.49
2023-01-20,9.45
2023-01-20,9.51
2023-01-20,9.7
2023-01-20,9.88
2023-01-20,10.2
2023-01-20,10.64
2023-01-20,10.79
2023-01-20,11.17
2023-01-20,11.21
2023-01-20,11.15
2023-01-20,11.2
2023-01-20,11.16
2023-01-20,11.22
2023-01-20,11.48
2023-01-20,11.71
2023-01-20,11.87
2023-01-21,11.84
2023-01-21,11.78
2023-01-21,11.84
2023-01-21,11.8
2023-01-21,11.74
2023-01-21,11.68
2023-01-21,11.62
2023-01-21,11.57
2023-01-21,11.52
2023-01-21,11.47
2023-01-21,11.43
2023-01-21,11.39
2023-01-21,11.35
2023-01-21,11.31
2023-01-21,11.27
2023-01-21,11.23
2023-01-21,11.19
2023-01-21,11.16
2023-01-21,11.12
2023-01-21,11.08
2023-01-21,11.05
2023-01-21,11.02
2023-01-21,10.99
2023-01-21,10.95
2023-01-22,10.92
2023-01-22,10.88
2023-01-22,10.85
2023-01-22,10.81
2023-01-22,10.78
2023-01-22,10.75
2023-01-22,10.72
2023-01-22,10.69
2023-01-22,10.65
2023-01-22,10.62
2023-01-22,10.58
2023-01-22,10.55
2023-01-22,10.51
2023-01-22,10.48
2023-01-22,10.44
2023-01-22,10.4
2023-01-22,10.37
2023-01-22,10.33
2023-01-22,10.28
2023-01-22,10.24
2023-01-22,10.2
2023-01-22,10.16
2023-01-22,10.13
2023-01-22,10.09
2023-01-23,10.05
2023-01-23,10.11
2023-01-23,10.64
2023-01-23,11
2023-01-23,11.08
2023-01-23,11.04
2023-01-23,11.03
2023-01-23,11.06
2023-01-23,11.16
2023-01-23,11.34
2023-01-23,11.41
2023-01-23,11.41
2023-01-23,11.41
2023-01-23,11.38
2023-01-23,11.34
2023-01-23,11.3
2023-01-23,11.26
2023-01-23,11.22
2023-01-23,11.18
2023-01-23,11.14
2023-01-23,11.11
2023-01-23,11.07
2023-01-23,11.03
2023-01-23,10.99
2023-01-24,10.96
2023-01-24,10.92
2023-01-24,10.89
2023-01-24,10.85
2023-01-24,10.82
2023-01-24,10.79
2023-01-24,10.75
2023-01-24,10.72
2023-01-24,10.68
2023-01-24,10.64
2023-01-24,10.6
2023-01-24,10.57
2023-01-24,10.53
2023-01-24,10.49
2023-01-24,10.45
2023-01-24,10.45
2023-01-24,10.43
2023-01-24,10.38
2023-01-24,10.34
2023-01-24,10.3
2023-01-24,10.26
2023-01-24,10.23
2023-01-24,10.19
2023-01-24,10.15
2023-01-25,10.11
2023-01-25,10.08
2023-01-25,10.05
2023-01-25,10.01
2023-01-25,9.96
2023-01-25,9.92
2023-01-25,9.89
2023-01-25,9.86
2023-01-25,9.84
2023-01-25,9.82
2023-01-25,9.8
2023-01-25,9.78
2023-01-25,9.77
2023-01-25,9.75
2023-01-25,9.74
2023-01-25,9.73
2023-01-25,9.71
2023-01-25,9.69
2023-01-25,9.68
2023-01-25,9.66
2023-01-25,9.64
2023-01-25,9.62
2023-01-25,9.68
2023-01-25,9.82
2023-01-26,9.89
2023-01-26,10.75
2023-01-26,12.01
2023-01-26,12.62
2023-01-26,13.39
2023-01-26,14.37
2023-01-26,16.09
2023-01-26,16.96
2023-01-26,16.91
2023-01-26,16.84
2023-01-26,16.76
2023-01-26,16.69
2023-01-26,16.63
2023-01-26,16.58
2023-01-26,16.85
2023-01-26,17.03
2023-01-26,17.55
2023-01-26,18.01
2023-01-26,18.55
2023-01-26,18.63
2023-01-26,18.57
2023-01-26,18.54
2023-01-26,18.49
2023-01-26,18.41
2023-01-27,18.33
2023-01-27,18.25
2023-01-27,18.17
2023-01-27,18.09
2023-01-27,18.01
2023-01-27,17.94
2023-01-27,17.86
2023-01-27,17.79
2023-01-27,17.72
2023-01-27,17.66
2023-01-27,17.6
2023-01-27,17.54
2023-01-27,17.48
2023-01-27,17.42
2023-01-27,17.37
2023-01-27,17.32
2023-01-27,17.28
2023-01-27,17.23
2023-01-27,17.17
2023-01-27,17.11
2023-01-27,17.05
2023-01-27,16.99
2023-01-27,16.92
2023-01-27,16.86
2023-01-28,16.79
2023-01-28,16.72
2023-01-28,16.65
2023-01-28,16.58
2023-01-28,16.52
2023-01-28,16.45
2023-01-28,16.38
2023-01-28,16.31
2023-01-28,16.24
2023-01-28,16.16
2023-01-28,16.08
2023-01-28,15.99
2023-01-28,15.91
2023-01-28,15.85
2023-01-28,15.79
2023-01-28,15.79
2023-01-28,15.71
2023-01-28,15.66
2023-01-28,15.61
2023-01-28,15.54
2023-01-28,15.48
2023-01-28,15.41
2023-01-28,15.34
2023-01-28,15.28
2023-01-29,15.21
2023-01-29,15.14
2023-01-29,15.07
2023-01-29,15.02
2023-01-29,14.97
2023-01-29,14.92
2023-01-29,14.88
2023-01-29,14.84
2023-01-29,14.8
2023-01-29,14.77
2023-01-29,14.74
2023-01-29,14.71
2023-01-29,14.68
2023-01-29,14.64
2023-01-29,14.61
2023-01-29,14.58
2023-01-29,14.57
2023-01-29,14.53
2023-01-29,14.52
2023-01-29,14.53
2023-01-29,14.5
2023-01-29,14.5
2023-01-29,14.59
2023-01-29,14.7
2023-01-30,14.87
2023-01-30,14.92
2023-01-30,15.32
2023-01-30,15.44
2023-01-30,15.42
2023-01-30,15.39
2023-01-30,15.37
2023-01-30,15.35
2023-01-30,15.33
2023-01-30,15.31
2023-01-30,15.29
2023-01-30,15.27
2023-01-30,15.25
2023-01-30,15.23
2023-01-30,15.21
2023-01-30,15.2
2023-01-30,15.19
2023-01-30,15.16
2023-01-30,15.14
2023-01-30,15.13
2023-01-30,15.12
2023-01-30,15.1
2023-01-30,15.09
2023-01-30,15.12
2023-01-31,15.16
2023-01-31,15.15
2023-01-31,15.14
2023-01-31,15.12
2023-01-31,15.1
2023-01-31,15.08
2023-01-31,15.06
2023-01-31,15.04
2023-01-31,15.02
2023-01-31,15.03
2023-01-31,15.1
2023-01-31,15.09
2023-01-31,15.07
2023-01-31,15.04
2023-01-31,15.02
2023-01-31,14.99
2023-01-31,14.96
2023-01-31,14.93
2023-01-31,14.91
2023-01-31,14.88
2023-01-31,14.85
2023-01-31,14.82
2023-01-31,14.8
2023-01-31,14.78
2023-02-01,14.76
2023-02-01,14.75
2023-02-01,14.73
2023-02-01,14.72
2023-02-01,14.7
2023-02-01,14.69
2023-02-01,14.68
2023-02-01,16.45
2023-02-01,18.21
2023-02-01,19.98
2023-02-01,21.74
2023-02-01,23.49
2023-02-01,25.24
2023-02-01,25.21
2023-02-01,25.19
2023-02-01,25.16
2023-02-01,25.14
2023-02-01,25.1
2023-02-01,25.07
2023-02-01,25.04
2023-02-01,24.99
2023-02-01,24.95
2023-02-01,24.91
2023-02-01,24.88
2023-02-02,24.84
2023-02-02,24.8
2023-02-02,24.77
2023-02-02,24.73
2023-02-02,24.7
2023-02-02,24.67
2023-02-02,24.63
2023-02-02,24.6
2023-02-02,24.56
2023-02-02,24.52
2023-02-02,24.48
2023-02-02,24.44
2023-02-02,24.4
2023-02-02,24.36
2023-02-02,24.32
2023-02-02,24.27
2023-02-02,24.23
2023-02-02,24.18
2023-02-02,24.13
2023-02-02,24.08
2023-02-02,24.02
2023-02-02,23.95
2023-02-02,23.89
2023-02-02,23.81
2023-02-03,23.74
2023-02-03,23.67
2023-02-03,23.6
2023-02-03,23.53
2023-02-03,23.78
2023-02-03,23.78
2023-02-03,23.75
2023-02-03,24.01
2023-02-03,24.29
2023-02-03,24.56
2023-02-03,24.84
2023-02-03,25.12
2023-02-03,25.4
2023-02-03,25.36
2023-02-03,25.33
2023-02-03,25.3
2023-02-03,25.27
2023-02-03,25.24
2023-02-03,25.21
2023-02-03,25.19
2023-02-03,25.16
2023-02-03,25.14
2023-02-03,25.11
2023-02-03,25.09
2023-02-04,25.07
2023-02-04,25.05
2023-02-04,25.02
2023-02-04,25
2023-02-04,24.98
2023-02-04,24.95
2023-02-04,24.93
2023-02-04,24.91
2023-02-04,24.89
2023-02-04,24.87
2023-02-04,24.86
2023-02-04,24.84
2023-02-04,24.82
2023-02-04,24.81
2023-02-04,24.79
2023-02-04,24.78
2023-02-04,24.76
2023-02-04,24.75
2023-02-04,24.73
2023-02-04,24.71
2023-02-04,24.7
2023-02-04,24.68
2023-02-04,24.66
2023-02-04,24.64
2023-02-05,24.62
2023-02-05,24.59
2023-02-05,24.57
2023-02-05,24.54
2023-02-05,24.51
2023-02-05,24.47
2023-02-05,24.44
2023-02-05,24.39
2023-02-05,24.36
2023-02-05,24.32
2023-02-05,24.28
2023-02-05,24.25
2023-02-05,24.21
2023-02-05,24.16
2023-02-05,24.12
2023-02-05,24.07
2023-02-05,24.02
2023-02-05,23.97
2023-02-05,23.91
2023-02-05,23.85
2023-02-05,23.78
2023-02-05,23.71
2023-02-05,23.64
2023-02-05,23.58
2023-02-06,23.52
2023-02-06,23.47
2023-02-06,23.41
2023-02-06,23.36
2023-02-06,23.31
2023-02-06,23.27
2023-02-06,23.23
2023-02-06,23.19
2023-02-06,23.15
2023-02-06,23.12
2023-02-06,23.09
2023-02-06,23.06
2023-02-06,23.03
2023-02-06,23
2023-02-06,22.98
2023-02-06,22.95
2023-02-06,22.92
2023-02-06,22.89
2023-02-06,22.86
2023-02-06,22.82
2023-02-06,22.78
2023-02-06,22.74
2023-02-06,22.7
2023-02-06,22.67
2023-02-07,22.63
2023-02-07,22.6
2023-02-07,22.57
2023-02-07,22.54
2023-02-07,22.52
2023-02-07,22.49
2023-02-07,22.47
2023-02-07,22.45
2023-02-07,22.42
2023-02-07,22.4
2023-02-07,22.38
2023-02-07,22.36
2023-02-07,22.34
2023-02-07,22.32
2023-02-07,22.3
2023-02-07,22.28
2023-02-07,22.25
2023-02-07,22.19
2023-02-07,22.12
2023-02-07,22.05
2023-02-07,21.97
2023-02-07,21.9
2023-02-07,21.81
2023-02-07,21.73
2023-02-08,21.66
2023-02-08,21.62
2023-02-08,21.57
2023-02-08,21.53
2023-02-08,21.48
2023-02-08,21.46
2023-02-08,21.6
2023-02-08,21.64
2023-02-08,21.61
2023-02-08,21.59
2023-02-08,21.57
2023-02-08,21.54
2023-02-08,21.51
2023-02-08,21.49
2023-02-08,21.46
2023-02-08,21.43
2023-02-08,21.41
2023-02-08,21.38
2023-02-08,21.35
2023-02-08,21.32
2023-02-08,21.3
2023-02-08,21.26
2023-02-08,21.23
2023-02-08,21.2
2023-02-09,21.17
2023-02-09,21.14
2023-02-09,21.11
2023-02-09,21.09
2023-02-09,21.07
2023-02-09,21.04
2023-02-09,21.02
2023-02-09,21
2023-02-09,20.98
2023-02-09,20.96
2023-02-09,20.94
2023-02-09,20.92
2023-02-09,20.9
2023-02-09,20.89
2023-02-09,20.87
2023-02-09,20.85
2023-02-09,20.83
2023-02-09,20.81
2023-02-09,20.78
2023-02-09,20.76
2023-02-09,20.82
2023-02-09,20.98
2023-02-09,20.35
2023-02-09,20.63
2023-02-10,20.99
2023-02-10,21.02
2023-02-10,18.43
2023-02-10,14.21
2023-02-10,14.71
2023-02-10,14.72
2023-02-10,14.72
2023-02-10,14.89
2023-02-10,13.82
2023-02-10,13.83
2023-02-10,13.87
2023-02-10,13.91
2023-02-10,13.52
2023-02-10,12.89
2023-02-10,12.24
2023-02-10,12.25
2023-02-10,11.76
2023-02-10,11.26
2023-02-10,10.83
2023-02-10,10.83
2023-02-10,10.83
2023-02-10,10.82
2023-02-10,10.84
2023-02-10,10.88
2023-02-11,10.92
2023-02-11,11.35
2023-02-11,11.71
2023-02-11,11.98
2023-02-11,12.32
2023-02-11,13.25
2023-02-11,13.47
2023-02-11,13.72
2023-02-11,14.1
2023-02-11,14.45
2023-02-11,14.69
2023-02-11,14.8
2023-02-11,14.79
2023-02-11,14.79
2023-02-11,14.78
2023-02-11,14.77
2023-02-11,14.76
2023-02-11,14.75
2023-02-11,14.74
2023-02-11,14.73
2023-02-11,14.72
2023-02-11,14.71
2023-02-11,14.7
2023-02-11,14.69
2023-02-12,14.67
2023-02-12,14.66
2023-02-12,14.64
2023-02-12,14.62
2023-02-12,14.6
2023-02-12,14.59
2023-02-12,14.57
2023-02-12,14.55
2023-02-12,14.54
2023-02-12,14.52
2023-02-12,14.5
2023-02-12,14.49
2023-02-12,14.48
2023-02-12,14.47
2023-02-12,14.45
2023-02-12,14.44
2023-02-12,14.42
2023-02-12,14.41
2023-02-12,14.4
2023-02-12,14.39
2023-02-12,14.37
2023-02-12,14.37
2023-02-12,14.36
2023-02-12,14.35
2023-02-13,14.34
2023-02-13,14.34
2023-02-13,14.33
2023-02-13,14.32
2023-02-13,14.32
2023-02-13,14.31
2023-02-13,14.3
2023-02-13,14.29
2023-02-13,14.28
2023-02-13,14.27
2023-02-13,14.26
2023-02-13,14.26
2023-02-13,14.25
2023-02-13,14.24
2023-02-13,14.24
2023-02-13,14.23
2023-02-13,14.22
2023-02-13,14.21
2023-02-13,14.21
2023-02-13,14.2
2023-02-13,14.18
2023-02-13,14.04
2023-02-13,13.85
2023-02-13,13.79
2023-02-14,13.78
2023-02-14,13.76
2023-02-14,13.75
2023-02-14,13.74
2023-02-14,13.73
2023-02-14,13.72
2023-02-14,13.72
2023-02-14,13.71
2023-02-14,13.7
2023-02-14,13.7
2023-02-14,13.69
2023-02-14,13.68
2023-02-14,13.67
2023-02-14,13.67
2023-02-14,13.66
2023-02-14,13.65
2023-02-14,13.63
2023-02-14,13.62
2023-02-14,13.61
2023-02-14,13.59
2023-02-14,13.58
2023-02-14,13.57
2023-02-14,13.56
2023-02-14,13.55
2023-02-15,13.54
2023-02-15,13.53
2023-02-15,13.52
2023-02-15,13.51
2023-02-15,13.49
2023-02-15,13.48
2023-02-15,13.45
2023-02-15,14.1
2023-02-15,14.76
2023-02-15,15.4
2023-02-15,16.05
2023-02-15,16.69
2023-02-15,17.34
2023-02-15,17.3
2023-02-15,17.28
2023-02-15,17.26
2023-02-15,17.25
2023-02-15,17.17
2023-02-15,15.65
2023-02-15,14.58
2023-02-15,13.8
2023-02-15,13.79
2023-02-15,13.8
2023-02-15,12.71
2023-02-16,11.69
2023-02-16,11
2023-02-16,9.92
2023-02-16,9.93
2023-02-16,9.96
2023-02-16,9.98
2023-02-16,9.24
2023-02-16,8.36
2023-02-16,7.57
2023-02-16,7.56
2023-02-16,7.08
2023-02-16,6.71
2023-02-16,6.71
2023-02-16,6.7
2023-02-16,6.7
2023-02-16,6.7
2023-02-16,6.69
2023-02-16,6.69
2023-02-16,6.68
2023-02-16,6.67
2023-02-16,6.67
2023-02-16,6.66
2023-02-16,6.65
2023-02-16,6.65
2023-02-17,6.64
2023-02-17,6.64
2023-02-17,6.63
2023-02-17,6.63
2023-02-17,6.63
2023-02-17,6.62
2023-02-17,6.62
2023-02-17,6.62
2023-02-17,6.61
2023-02-17,6.61
2023-02-17,6.63
2023-02-17,6.65
2023-02-17,6.66
2023-02-17,6.69
2023-02-17,6.84
2023-02-17,6.91
2023-02-17,7.62
2023-02-17,8.23
2023-02-17,9.14
2023-02-17,9.31
2023-02-17,9.39
2023-02-17,9.4
2023-02-17,9.4
2023-02-17,9.41
2023-02-18,9.41
2023-02-18,9.4
2023-02-18,9.4
2023-02-18,9.39
2023-02-18,9.39
2023-02-18,9.39
2023-02-18,9.38
2023-02-18,9.38
2023-02-18,9.38
2023-02-18,9.38
2023-02-18,9.37
2023-02-18,9.37
2023-02-18,9.37
2023-02-18,9.36
2023-02-18,9.36
2023-02-18,9.36
2023-02-18,9.35
2023-02-18,9.35
2023-02-18,9.34
2023-02-18,9.32
2023-02-18,9.31
2023-02-18,9.3
2023-02-18,9.28
2023-02-18,9.27
2023-02-19,9.25
2023-02-19,9.24
2023-02-19,9.23
2023-02-19,9.22
2023-02-19,9.21
2023-02-19,9.2
2023-02-19,9.19
2023-02-19,9.18
2023-02-19,9.17
2023-02-19,9.16
2023-02-19,9.16
2023-02-19,9.15
2023-02-19,9.15
2023-02-19,9.14
2023-02-19,9.13
2023-02-19,9.12
2023-02-19,9.12
2023-02-19,9.1
2023-02-19,9.09
2023-02-19,9.07
2023-02-19,9.05
2023-02-19,9.02
2023-02-19,8.98
2023-02-19,8.91
2023-02-20,8.78
2023-02-20,8.65
2023-02-20,8.55
2023-02-20,8.43
2023-02-20,8.29
2023-02-20,8.03
2023-02-20,7.74
2023-02-20,7.47
2023-02-20,7.42
2023-02-20,7.38
2023-02-20,7.34
2023-02-20,7.29
2023-02-20,7.26
2023-02-20,7.22
2023-02-20,7.18
2023-02-20,7.09
2023-02-20,6.93
2023-02-20,6.77
2023-02-20,6.82
2023-02-20,6.92
2023-02-20,6.51
2023-02-20,6.52
2023-02-20,6.55
2023-02-20,6.54
2023-02-21,6.53
2023-02-21,6.52
2023-02-21,6.51
2023-02-21,6.5
2023-02-21,6.49
2023-02-21,6.48
2023-02-21,6.46
2023-02-21,6.45
2023-02-21,6.45
2023-02-21,6.44
2023-02-21,6.44
2023-02-21,6.44
2023-02-21,6.44
2023-02-21,6.43
2023-02-21,6.43
2023-02-21,6.43
2023-02-21,6.42
2023-02-21,6.42
2023-02-21,6.41
2023-02-21,6.4
2023-02-21,6.39
2023-02-21,6.38
2023-02-21,6.37
2023-02-21,6.37
2023-02-22,6.37
2023-02-22,6.47
2023-02-22,6.48
2023-02-22,6.48
2023-02-22,6.47
2023-02-22,6.47
2023-02-22,6.46
2023-02-22,6.46
2023-02-22,6.46
2023-02-22,6.46
2023-02-22,6.44
2023-02-22,6.43
2023-02-22,6.43
2023-02-22,6.42
2023-02-22,6.42
2023-02-22,6.41
2023-02-22,6.41
2023-02-22,6.4
2023-02-22,6.39
2023-02-22,6.39
2023-02-22,6.38
2023-02-22,6.37
2023-02-22,6.36
2023-02-22,6.36
2023-02-23,6.35
2023-02-23,6.35
2023-02-23,6.35
2023-02-23,6.34
2023-02-23,6.33
2023-02-23,6.33
2023-02-23,6.79
2023-02-23,7.55
2023-02-23,8.85
2023-02-23,10.2
2023-02-23,11
2023-02-23,11.49
2023-02-23,11.68
2023-02-23,11.71
2023-02-23,11.7
2023-02-23,11.69
2023-02-23,11.69
2023-02-23,11.68
2023-02-23,11.67
2023-02-23,11.67
2023-02-23,11.67
2023-02-23,11.71
2023-02-23,11.72
2023-02-23,11.72
2023-02-24,11.97
2023-02-24,12.23
2023-02-24,12.67
2023-02-24,12.85
2023-02-24,12.92
2023-02-24,12.96
2023-02-24,12.97
2023-02-24,12.97
2023-02-24,13.01
2023-02-24,13.04
2023-02-24,13.06
2023-02-24,13.05
2023-02-24,13.04
2023-02-24,13.04
2023-02-24,13.07
2023-02-24,13.07
2023-02-24,13.06
2023-02-24,13.05
2023-02-24,13.04
2023-02-24,13.03
2023-02-24,13.03
2023-02-24,13.02
2023-02-24,13
2023-02-24,12.98
2023-02-25,12.96
2023-02-25,12.94
2023-02-25,12.93
2023-02-25,12.91
2023-02-25,12.9
2023-02-25,12.89
2023-02-25,12.88
2023-02-25,12.87
2023-02-25,12.86
2023-02-25,12.85
2023-02-25,12.84
2023-02-25,12.84
2023-02-25,12.83
2023-02-25,12.83
2023-02-25,12.82
2023-02-25,12.81
2023-02-25,12.81
2023-02-25,12.8
2023-02-25,12.79
2023-02-25,12.78
2023-02-25,12.77
2023-02-25,12.77
2023-02-25,12.78
2023-02-25,12.79
2023-02-26,12.78
2023-02-26,12.77
2023-02-26,12.76
2023-02-26,12.75
2023-02-26,12.74
2023-02-26,12.73
2023-02-26,12.72
2023-02-26,12.71
2023-02-26,12.69
2023-02-26,12.68
2023-02-26,12.67
2023-02-26,12.66
2023-02-26,12.65
2023-02-26,12.64
2023-02-26,12.63
2023-02-26,12.71
2023-02-26,12.86
2023-02-26,12.96
2023-02-26,13.42
2023-02-26,13.42
2023-02-26,13.57
2023-02-26,13.59
2023-02-26,13.58
2023-02-26,13.56
2023-02-27,13.55
2023-02-27,13.53
2023-02-27,13.52
2023-02-27,13.54
2023-02-27,13.53
2023-02-27,13.51
2023-02-27,13.5
2023-02-27,13.49
2023-02-27,13.48
2023-02-27,13.5
2023-02-27,13.48
2023-02-27,13.47
2023-02-27,13.45
2023-02-27,13.44
2023-02-27,13.43
2023-02-27,13.42
2023-02-27,13.41
2023-02-27,13.39
2023-02-27,13.38
2023-02-27,13.36
2023-02-27,13.34
2023-02-27,13.33
2023-02-27,13.31
2023-02-27,13.29
2023-02-28,13.27
2023-02-28,13.25
2023-02-28,13.23
2023-02-28,13.2
2023-02-28,13.17
2023-02-28,13.13
2023-02-28,13.09
2023-02-28,13.04
2023-02-28,13.04
2023-02-28,13.02
2023-02-28,13
2023-02-28,12.98
2023-02-28,12.95
2023-02-28,12.93
2023-02-28,12.94
2023-02-28,12.94
2023-02-28,12.99
2023-02-28,13.15
2023-02-28,13.29
2023-02-28,13.42
2023-02-28,13.55
2023-02-28,13.64
2023-02-28,13.88
2023-02-28,14.35
2023-03-01,14.57
2023-03-01,14.72
2023-03-01,14.69
2023-03-01,14.65
2023-03-01,14.61
2023-03-01,14.56
2023-03-01,14.52
2023-03-01,14.47
2023-03-01,14.43
2023-03-01,14.39
2023-03-01,14.35
2023-03-01,14.31
2023-03-01,14.28
2023-03-01,14.25
2023-03-01,14.22
2023-03-01,14.18
2023-03-01,14.14
2023-03-01,14.11
2023-03-01,14.09
2023-03-01,14.06
2023-03-01,14.03
2023-03-01,14.01
2023-03-01,13.98
2023-03-01,13.94
2023-03-02,13.91
2023-03-02,13.89
2023-03-02,13.85
2023-03-02,13.82
2023-03-02,13.79
2023-03-02,13.75
2023-03-02,13.71
2023-03-02,14.04
2023-03-02,14.38
2023-03-02,14.71
2023-03-02,15.05
2023-03-02,15.39
2023-03-02,15.73
2023-03-02,15.71
2023-03-02,15.7
2023-03-02,15.69
2023-03-02,15.74
2023-03-02,15.78
2023-03-02,15.83
2023-03-02,16.7
2023-03-02,16.86
2023-03-02,17.03
2023-03-02,17.53
2023-03-02,17.87
2023-03-03,18.03
2023-03-03,18.05
2023-03-03,18.04
2023-03-03,18.01
2023-03-03,17.99
2023-03-03,17.97
2023-03-03,17.94
2023-03-03,17.9
2023-03-03,17.86
2023-03-03,17.83
2023-03-03,17.8
2023-03-03,17.77
2023-03-03,17.75
2023-03-03,17.72
2023-03-03,17.7
2023-03-03,17.68
2023-03-03,17.66
2023-03-03,17.64
2023-03-03,17.62
2023-03-03,17.6
2023-03-03,17.57
2023-03-03,17.54
2023-03-03,17.52
2023-03-03,17.5
2023-03-04,17.47
2023-03-04,17.44
2023-03-04,17.41
2023-03-04,17.36
2023-03-04,17.31
2023-03-04,17.26
2023-03-04,17.28
2023-03-04,17.59
2023-03-04,17.92
2023-03-04,19
2023-03-04,20.17
2023-03-04,21.54
2023-03-04,22.65
2023-03-04,23.46
2023-03-04,24.67
2023-03-04,25.15
2023-03-04,25.24
2023-03-04,25.37
2023-03-04,25.42
2023-03-04,25.39
2023-03-04,25.31
2023-03-04,25.25
2023-03-04,25.24
2023-03-04,25.19
2023-03-05,25.15
2023-03-05,25.33
2023-03-05,25.56
2023-03-05,25.6
2023-03-05,25.54
2023-03-05,25.47
2023-03-05,25.41
2023-03-05,25.34
2023-03-05,25.28
2023-03-05,25.22
2023-03-05,25.16
2023-03-05,25.1
2023-03-05,25.04
2023-03-05,24.98
2023-03-05,24.92
2023-03-05,24.86
2023-03-05,24.81
2023-03-05,24.75
2023-03-05,24.69
2023-03-05,24.62
2023-03-05,24.56
2023-03-05,24.49
2023-03-05,24.43
2023-03-05,24.37
2023-03-06,24.3
2023-03-06,24.23
2023-03-06,24.16
2023-03-06,24.09
2023-03-06,24.03
2023-03-06,23.96
2023-03-06,23.89
2023-03-06,23.71
2023-03-06,23.52
2023-03-06,23.34
2023-03-06,23.16
2023-03-06,22.98
2023-03-06,22.8
2023-03-06,22.74
2023-03-06,22.68
2023-03-06,22.6
2023-03-06,22.53
2023-03-06,22.44
2023-03-06,22.35
2023-03-06,22.26
2023-03-06,22.18
2023-03-06,22.07
2023-03-06,21.98
2023-03-06,21.89
2023-03-07,21.81
2023-03-07,21.73
2023-03-07,21.66
2023-03-07,21.6
2023-03-07,21.54
2023-03-07,21.47
2023-03-07,21.4
2023-03-07,21.34
2023-03-07,21.27
2023-03-07,21.21
2023-03-07,21.16
2023-03-07,21.11
2023-03-07,21.08
2023-03-07,21.08
2023-03-07,21.07
2023-03-07,21.04
2023-03-07,21
2023-03-07,20.97
2023-03-07,20.94
2023-03-07,20.9
2023-03-07,20.86
2023-03-07,20.82
2023-03-07,20.78
2023-03-07,20.74
2023-03-08,20.7
2023-03-08,20.67
2023-03-08,20.64
2023-03-08,20.62
2023-03-08,20.59
2023-03-08,20.56
2023-03-08,20.53
2023-03-08,20.5
2023-03-08,20.47
2023-03-08,20.44
2023-03-08,20.41
2023-03-08,20.38
2023-03-08,20.36
2023-03-08,20.33
2023-03-08,20.31
2023-03-08,20.31
2023-03-08,20.37
2023-03-08,20.39
2023-03-08,20.36
2023-03-08,20.33
2023-03-08,20.3
2023-03-08,20.26
2023-03-08,20.23
2023-03-08,20.2
2023-03-09,20.17
2023-03-09,20.14
2023-03-09,20.11
2023-03-09,20.09
2023-03-09,20.06
2023-03-09,20.02
2023-03-09,19.99
2023-03-09,19.95
2023-03-09,19.92
2023-03-09,19.88
2023-03-09,19.85
2023-03-09,19.82
2023-03-09,19.8
2023-03-09,19.77
2023-03-09,19.75
2023-03-09,19.72
2023-03-09,19.69
2023-03-09,19.67
2023-03-09,19.64
2023-03-09,19.61
2023-03-09,19.59
2023-03-09,19.56
2023-03-09,19.53
2023-03-09,19.5
2023-03-10,19.47
2023-03-10,19.45
2023-03-10,19.42
2023-03-10,19.4
2023-03-10,19.38
2023-03-10,19.36
2023-03-10,19.34
2023-03-10,19.32
2023-03-10,19.3
2023-03-10,19.28
2023-03-10,19.26
2023-03-10,19.25
2023-03-10,19.23
2023-03-10,19.21
2023-03-10,19.2
2023-03-10,19.18
2023-03-10,19.16
2023-03-10,19.13
2023-03-10,19.11
2023-03-10,19.08
2023-03-10,19.06
2023-03-10,19.03
2023-03-10,19.01
2023-03-10,18.98
2023-03-11,18.96
2023-03-11,18.93
2023-03-11,18.91
2023-03-11,18.88
2023-03-11,18.86
2023-03-11,18.83
2023-03-11,18.81
2023-03-11,18.78
2023-03-11,18.76
2023-03-11,18.75
2023-03-11,18.73
2023-03-11,18.71
2023-03-11,18.69
2023-03-11,18.68
2023-03-11,18.67
2023-03-11,18.65
2023-03-11,18.63
2023-03-11,18.62
2023-03-11,18.6
2023-03-11,18.58
2023-03-11,18.55
2023-03-11,18.53
2023-03-11,18.5
2023-03-11,18.48
2023-03-12,18.45
2023-03-12,18.43
2023-03-12,18.41
2023-03-12,18.39
2023-03-12,18.37
2023-03-12,18.36
2023-03-12,18.34
2023-03-12,18.32
2023-03-12,18.31
2023-03-12,18.29
2023-03-12,18.28
2023-03-12,18.26
2023-03-12,18.25
2023-03-12,18.24
2023-03-12,18.22
2023-03-12,18.21
2023-03-12,18.2
2023-03-12,18.18
2023-03-12,18.16
2023-03-12,18.14
2023-03-12,18.12
2023-03-12,18.11
2023-03-12,18.09
2023-03-12,18.07
2023-03-13,18.05
2023-03-13,18.03
2023-03-13,18.02
2023-03-13,18
2023-03-13,17.97
2023-03-13,17.94
2023-03-13,17.9
2023-03-13,17.87
2023-03-13,17.83
2023-03-13,17.8
2023-03-13,17.76
2023-03-13,17.74
2023-03-13,17.7
2023-03-13,17.67
2023-03-13,17.65
2023-03-13,17.63
2023-03-13,17.6
2023-03-13,17.58
2023-03-13,17.56
2023-03-13,17.54
2023-03-13,17.52
2023-03-13,17.5
2023-03-13,17.48
2023-03-13,17.47
2023-03-14,17.45
2023-03-14,17.43
2023-03-14,17.41
2023-03-14,17.39
2023-03-14,17.39
2023-03-14,17.4
2023-03-14,17.39
2023-03-14,17.39
2023-03-14,17.42
2023-03-14,17.48
2023-03-14,17.56
2023-03-14,17.83
2023-03-14,18.49
2023-03-14,18.73
2023-03-14,18.88
2023-03-14,19.05
2023-03-14,19.12
2023-03-14,19.11
2023-03-14,19.16
2023-03-14,19.27
2023-03-14,19.52
2023-03-14,19.61
2023-03-14,19.59
2023-03-14,19.63
2023-03-15,19.6
2023-03-15,19.57
2023-03-15,19.7
2023-03-15,20.48
2023-03-15,20.86
2023-03-15,21.1
2023-03-15,21.14
2023-03-15,21.22
2023-03-15,21.41
2023-03-15,21.43
2023-03-15,21.42
2023-03-15,21.52
2023-03-15,21.75
2023-03-15,21.73
2023-03-15,21.71
2023-03-15,21.67
2023-03-15,21.63
2023-03-15,21.58
2023-03-15,21.54
2023-03-15,21.49
2023-03-15,21.45
2023-03-15,21.4
2023-03-15,21.37
2023-03-15,21.33
2023-03-16,21.29
2023-03-16,21.25
2023-03-16,21.2
2023-03-16,21.15
2023-03-16,21.11
2023-03-16,21.07
2023-03-16,21.03
2023-03-16,20.9
2023-03-16,20.77
2023-03-16,20.64
2023-03-16,20.51
2023-03-16,20.38
2023-03-16,20.24
2023-03-16,20.2
2023-03-16,20.16
2023-03-16,20.12
2023-03-16,20.08
2023-03-16,20.05
2023-03-16,20.02
2023-03-16,20.1
2023-03-16,20.15
2023-03-16,20.19
2023-03-16,20.18
2023-03-16,20.16
2023-03-17,20.15
2023-03-17,20.14
2023-03-17,20.12
2023-03-17,20.1
2023-03-17,20.08
2023-03-17,20.05
2023-03-17,20.03
2023-03-17,20.01
2023-03-17,19.98
2023-03-17,19.96
2023-03-17,19.93
2023-03-17,19.89
2023-03-17,19.86
2023-03-17,19.83
2023-03-17,19.8
2023-03-17,19.78
2023-03-17,19.75
2023-03-17,19.73
2023-03-17,19.45
2023-03-17,18.38
2023-03-17,17.64
2023-03-17,17.23
2023-03-17,17.18
2023-03-17,16.41
2023-03-18,15.39
2023-03-18,15.41
2023-03-18,15.43
2023-03-18,14.76
2023-03-18,14.78
2023-03-18,14.81
2023-03-18,14.23
2023-03-18,13.85
2023-03-18,13.85
2023-03-18,13.82
2023-03-18,13.8
2023-03-18,13.79
2023-03-18,13.77
2023-03-18,13.75
2023-03-18,13.73
2023-03-18,13.62
2023-03-18,13.51
2023-03-18,13.5
2023-03-18,13.38
2023-03-18,13.27
2023-03-18,13.15
2023-03-18,13.13
2023-03-18,13
2023-03-18,12.87
2023-03-19,12.85
2023-03-19,12.84
2023-03-19,12.76
2023-03-19,12.74
2023-03-19,12.72
2023-03-19,12.64
2023-03-19,12.62
2023-03-19,12.61
2023-03-19,12.58
2023-03-19,12.55
2023-03-19,12.53
2023-03-19,12.51
2023-03-19,12.5
2023-03-19,12.48
2023-03-19,12.48
2023-03-19,12.61
2023-03-19,12.71
2023-03-19,12.71
2023-03-19,12.69
2023-03-19,12.66
2023-03-19,12.64
2023-03-19,12.62
2023-03-19,12.59
2023-03-19,12.56
2023-03-20,12.54
2023-03-20,12.53
2023-03-20,12.52
2023-03-20,12.5
2023-03-20,12.49
2023-03-20,12.49
2023-03-20,12.48
2023-03-20,12.47
2023-03-20,12.46
2023-03-20,12.44
2023-03-20,12.43
2023-03-20,12.41
2023-03-20,12.4
2023-03-20,12.38
2023-03-20,12.36
2023-03-20,12.34
2023-03-20,12.31
2023-03-20,12.29
2023-03-20,12.27
2023-03-20,12.25
2023-03-20,12.23
2023-03-20,12.21
2023-03-20,12.19
2023-03-20,12.18
2023-03-21,12.16
2023-03-21,12.15
2023-03-21,12.12
2023-03-21,12.1
2023-03-21,12.08
2023-03-21,12.07
2023-03-21,12.05
2023-03-21,12.03
2023-03-21,12.01
2023-03-21,12
2023-03-21,11.99
2023-03-21,11.98
2023-03-21,11.97
2023-03-21,11.96
2023-03-21,11.94
2023-03-21,11.93
2023-03-21,11.91
2023-03-21,11.9
2023-03-21,11.88
2023-03-21,11.85
2023-03-21,11.84
2023-03-21,11.83
2023-03-21,11.83
2023-03-21,11.82
2023-03-22,11.82
2023-03-22,11.81
2023-03-22,11.8
2023-03-22,11.8
2023-03-22,11.79
2023-03-22,11.79
2023-03-22,11.78
2023-03-22,11.78
2023-03-22,11.77
2023-03-22,11.76
2023-03-22,11.76
2023-03-22,11.75
2023-03-22,11.75
2023-03-22,11.74
2023-03-22,11.73
2023-03-22,11.73
2023-03-22,11.72
2023-03-22,11.71
2023-03-22,11.7
2023-03-22,11.7
2023-03-22,11.69
2023-03-22,11.65
2023-03-22,11.51
2023-03-22,11.43
2023-03-23,11.42
2023-03-23,11.41
2023-03-23,11.4
2023-03-23,11.38
2023-03-23,11.37
2023-03-23,11.36
2023-03-23,11.36
2023-03-23,11.35
2023-03-23,11.35
2023-03-23,11.33
2023-03-23,11.32
2023-03-23,11.31
2023-03-23,11.3
2023-03-23,11.29
2023-03-23,11.39
2023-03-23,11.5
2023-03-23,11.68
2023-03-23,11.93
2023-03-23,10.71
2023-03-23,10.92
2023-03-23,11.11
2023-03-23,10.33
2023-03-23,9.29
2023-03-23,9.44
2023-03-24,9.54
2023-03-24,9.57
2023-03-24,9.59
2023-03-24,9.61
2023-03-24,9.62
2023-03-24,9.63
2023-03-24,9.64
2023-03-24,9.64
2023-03-24,9.64
2023-03-24,9.63
2023-03-24,9.63
2023-03-24,9.62
2023-03-24,9.61
2023-03-24,9.6
2023-03-24,9.6
2023-03-24,9.59
2023-03-24,9.57
2023-03-24,9.56
2023-03-24,9.55
2023-03-24,9.54
2023-03-24,9.53
2023-03-24,9.52
2023-03-24,9.51
2023-03-24,9.5
2023-03-25,9.49
2023-03-25,9.48
2023-03-25,9.47
2023-03-25,9.46
2023-03-25,9.46
2023-03-25,9.45
2023-03-25,9.45
2023-03-25,9.45
2023-03-25,9.44
2023-03-25,9.44
2023-03-25,9.44
2023-03-25,9.43
2023-03-25,9.42
2023-03-25,9.41
2023-03-25,9.4
2023-03-25,9.39
2023-03-25,9.38
2023-03-25,9.36
2023-03-25,9.35
2023-03-25,9.34
2023-03-25,9.41
2023-03-25,9.67
2023-03-25,9.79
2023-03-25,9.78
2023-03-26,9.77
2023-03-26,9.85
2023-03-26,9.85
2023-03-26,9.85
2023-03-26,9.83
2023-03-26,9.82
2023-03-26,9.82
2023-03-26,9.86
2023-03-26,10.11
2023-03-26,10.17
2023-03-26,10.19
2023-03-26,10.18
2023-03-26,10.18
2023-03-26,10.18
2023-03-26,10.17
2023-03-26,10.17
2023-03-26,10.17
2023-03-26,10.16
2023-03-26,10.16
2023-03-26,10.15
2023-03-26,10.14
2023-03-26,10.13
2023-03-26,10.12
2023-03-26,10.12
2023-03-27,10.11
2023-03-27,10.1
2023-03-27,10.09
2023-03-27,10.09
2023-03-27,10.08
2023-03-27,10.08
2023-03-27,10.07
2023-03-27,10.06
2023-03-27,10.05
2023-03-27,10.04
2023-03-27,10.03
2023-03-27,10.03
2023-03-27,10.02
2023-03-27,10.02
2023-03-27,10.01
2023-03-27,10.01
2023-03-27,10.01
2023-03-27,10.01
2023-03-27,10.01
2023-03-27,9.87
2023-03-27,9.62
2023-03-27,9.52
2023-03-27,9.48
2023-03-27,9.47
2023-03-28,9.47
2023-03-28,9.46
2023-03-28,9.46
2023-03-28,9.45
2023-03-28,9.44
2023-03-28,9.44
2023-03-28,9.43
2023-03-28,9.42
2023-03-28,9.41
2023-03-28,9.4
2023-03-28,9.4
2023-03-28,9.39
2023-03-28,9.39
2023-03-28,9.38
2023-03-28,9.38
2023-03-28,9.37
2023-03-28,9.37
2023-03-28,9.36
2023-03-28,9.35
2023-03-28,9.35
2023-03-28,9.34
2023-03-28,9.33
2023-03-28,9.32
2023-03-28,9.31
2023-03-29,9.3
2023-03-29,9.29
2023-03-29,9.29
2023-03-29,9.28
2023-03-29,9.28
2023-03-29,9.27
2023-03-29,9.27
2023-03-29,9.27
2023-03-29,9.26
2023-03-29,9.26
2023-03-29,9.25
2023-03-29,9.25
2023-03-29,9.25
2023-03-29,9.25
2023-03-29,9.24
2023-03-29,9.23
2023-03-29,9.22
2023-03-29,9.21
2023-03-29,9.08
2023-03-29,8.37
2023-03-29,7.76
2023-03-29,7.1
2023-03-29,7.09
2023-03-29,7.09
2023-03-30,6.66
2023-03-30,6.17
2023-03-30,6.27
2023-03-30,6.4
2023-03-30,7.84
2023-03-30,7.79
2023-03-30,7.76
2023-03-30,7.63
2023-03-30,7.51
2023-03-30,7.38
2023-03-30,7.26
2023-03-30,7.14
2023-03-30,7.02
2023-03-30,7.01
2023-03-30,7
2023-03-30,6.98
2023-03-30,6.96
2023-03-30,6.94
2023-03-30,6.92
2023-03-30,6.89
2023-03-30,6.86
2023-03-30,6.83
2023-03-30,6.79
2023-03-30,6.76
2023-03-31,6.74
2023-03-31,6.72
2023-03-31,6.71
2023-03-31,6.69
2023-03-31,6.68
2023-03-31,6.67
2023-03-31,6.66
2023-03-31,6.66
2023-03-31,6.65
2023-03-31,6.65
2023-03-31,6.65
2023-03-31,6.64
2023-03-31,6.64
2023-03-31,6.63
2023-03-31,6.62
2023-03-31,6.61
2023-03-31,6.6
2023-03-31,6.59
2023-03-31,6.57
2023-03-31,6.56
2023-03-31,6.54
2023-03-31,6.54
2023-03-31,6.73
2023-03-31,7.23
2023-04-01,7.49
2023-04-01,7.8
2023-04-01,7.84
2023-04-01,7.86
2023-04-01,7.87
2023-04-01,7.86
2023-04-01,7.88
2023-04-01,7.91
2023-04-01,7.97
2023-04-01,7.98
2023-04-01,7.98
2023-04-01,8.05
2023-04-01,8.28
2023-04-01,8.6
2023-04-01,7.36
2023-04-01,7.38
2023-04-01,7.43
2023-04-01,6.65
2023-04-01,5.05
2023-04-01,2.2
2023-04-01,2.3
2023-04-01,0
2023-04-01,0
2023-04-01,0
2023-04-02,0
2023-04-02,0
2023-04-02,0
2023-04-02,0
2023-04-02,0
2023-04-02,0
2023-04-02,0
2023-04-02,0
2023-04-02,0
2023-04-02,0
2023-04-02,0
2023-04-02,0
2023-04-02,0
2023-04-02,0
2023-04-02,0
2023-04-02,0
2023-04-02,0
2023-04-02,0
2023-04-02,0
2023-04-02,0
2023-04-02,0
2023-04-02,0
2023-04-02,0
2023-04-02,0
2023-04-03,0
2023-04-03,0
2023-04-03,0
2023-04-03,0
2023-04-03,0
2023-04-03,0
2023-04-03,0
2023-04-03,0
2023-04-03,0
2023-04-03,0
2023-04-03,0
2023-04-03,0
2023-04-03,0
2023-04-03,0
2023-04-03,0
2023-04-03,0
2023-04-03,0
2023-04-03,0
2023-04-03,0
2023-04-03,0
2023-04-03,0
2023-04-03,0
2023-04-03,0
2023-04-03,0
2023-04-04,0
2023-04-04,0
2023-04-04,0
2023-04-04,0
2023-04-04,0
2023-04-04,0
2023-04-04,0
2023-04-04,0
2023-04-04,0
2023-04-04,0
2023-04-04,0
2023-04-04,0
2023-04-04,0
2023-04-04,0
2023-04-04,0
2023-04-04,0
2023-04-04,0
2023-04-04,0
2023-04-04,0
2023-04-04,0
2023-04-04,0
2023-04-04,0
2023-04-04,0
2023-04-04,0
2023-04-05,0
2023-04-05,0
2023-04-05,0
2023-04-05,0
2023-04-05,0
2023-04-05,0
2023-04-05,0
2023-04-05,0
2023-04-05,0
2023-04-05,0
2023-04-05,0
2023-04-05,0
2023-04-05,0
2023-04-05,0
2023-04-05,0
2023-04-05,0
2023-04-05,0
2023-04-05,0
2023-04-05,0
2023-04-05,0
2023-04-05,0
2023-04-05,0
2023-04-05,0
2023-04-05,0
2023-04-06,0
2023-04-06,0
2023-04-06,0
2023-04-06,0
2023-04-06,0
2023-04-06,0
2023-04-06,0
2023-04-06,0
2023-04-06,0
2023-04-06,0
2023-04-06,0
2023-04-06,0
2023-04-06,0
2023-04-06,0
2023-04-06,0
2023-04-06,0
2023-04-06,0
2023-04-06,0
2023-04-06,0
2023-04-06,0
2023-04-06,0
2023-04-06,0
2023-04-06,0
2023-04-06,0
2023-04-07,0
2023-04-07,0
2023-04-07,0
2023-04-07,0
2023-04-07,0
2023-04-07,0
2023-04-07,0
2023-04-07,0
2023-04-07,0
2023-04-07,0
2023-04-07,0
2023-04-07,0
2023-04-07,0
2023-04-07,0
2023-04-07,0
2023-04-07,0
2023-04-07,0
2023-04-07,0
2023-04-07,0
2023-04-07,0
2023-04-07,0
2023-04-07,0
2023-04-07,0
2023-04-07,0
2023-04-08,0
2023-04-08,0
2023-04-08,0
2023-04-08,0
2023-04-08,0
2023-04-08,0
2023-04-08,0
2023-04-08,0
2023-04-08,0
2023-04-08,0
2023-04-08,0
2023-04-08,0
2023-04-08,0
2023-04-08,0
2023-04-08,0
2023-04-08,0
2023-04-08,0
2023-04-08,0
2023-04-08,0
2023-04-08,0
2023-04-08,0
2023-04-08,0
2023-04-08,0
2023-04-08,0
2023-04-09,0
2023-04-09,0
2023-04-09,0
2023-04-09,0
2023-04-09,0
2023-04-09,0
2023-04-09,0
2023-04-09,0
2023-04-09,0
2023-04-09,0
2023-04-09,0
2023-04-09,0
2023-04-09,0
2023-04-09,0
2023-04-09,0
2023-04-09,0
2023-04-09,0
2023-04-09,0
2023-04-09,0
2023-04-09,0
2023-04-09,0
2023-04-09,0
2023-04-09,0
2023-04-09,0
2023-04-10,0
2023-04-10,0
2023-04-10,0
2023-04-10,0
2023-04-10,0
2023-04-10,0
2023-04-10,0
2023-04-10,0
2023-04-10,0
2023-04-10,0
2023-04-10,0
2023-04-10,0
2023-04-10,0
2023-04-10,0
2023-04-10,0
2023-04-10,0
2023-04-10,0
2023-04-10,0
2023-04-10,0
2023-04-10,0
2023-04-10,0
2023-04-10,0
2023-04-10,0
2023-04-10,0
2023-04-11,0
2023-04-11,0
2023-04-11,0
2023-04-11,0
2023-04-11,0
2023-04-11,0
2023-04-11,0
2023-04-11,0
2023-04-11,0
2023-04-11,0
2023-04-11,0
2023-04-11,0
2023-04-11,0
2023-04-11,0
2023-04-11,0
2023-04-11,0
2023-04-11,0
2023-04-11,0
2023-04-11,0
2023-04-11,0
2023-04-11,0
2023-04-11,0
2023-04-11,0
2023-04-11,0
2023-04-12,0
2023-04-12,0
2023-04-12,0
2023-04-12,0
2023-04-12,0
2023-04-12,0
2023-04-12,0
2023-04-12,0
2023-04-12,0
2023-04-12,0
2023-04-12,0
2023-04-12,0
2023-04-12,0
2023-04-12,0
2023-04-12,0
2023-04-12,0
2023-04-12,0
2023-04-12,0
2023-04-12,0
2023-04-12,0
2023-04-12,0
2023-04-12,0
2023-04-12,0
2023-04-12,0
2023-04-13,0
2023-04-13,0
2023-04-13,0
2023-04-13,0
2023-04-13,0
2023-04-13,0
2023-04-13,0
2023-04-13,0
2023-04-13,0
2023-04-13,0
2023-04-13,0
2023-04-13,0
2023-04-13,0
2023-04-13,0
2023-04-13,0
2023-04-13,0
2023-04-13,0
2023-04-13,0
2023-04-13,0
2023-04-13,0
2023-04-13,0
2023-04-13,0
2023-04-13,0
2023-04-13,0
2023-04-14,0
2023-04-14,0
2023-04-14,0
2023-04-14,0
2023-04-14,0
2023-04-14,0
2023-04-14,0
2023-04-14,0
2023-04-14,0
2023-04-14,0
2023-04-14,0
2023-04-14,0
2023-04-14,0
2023-04-14,0
2023-04-14,0
2023-04-14,0
2023-04-14,0
2023-04-14,0
2023-04-14,0
2023-04-14,0
2023-04-14,0
2023-04-14,0
2023-04-14,0
2023-04-14,0
2023-04-15,0
2023-04-15,0
2023-04-15,0
2023-04-15,0
2023-04-15,0
2023-04-15,0
2023-04-15,0
2023-04-15,0
2023-04-15,0
2023-04-15,0
2023-04-15,0
2023-04-15,0
2023-04-15,0
2023-04-15,0
2023-04-15,0
2023-04-15,0
2023-04-15,0
2023-04-15,0
2023-04-15,0
2023-04-15,0
2023-04-15,0
2023-04-15,0
2023-04-15,0
2023-04-15,0
2023-04-16,0
2023-04-16,0
2023-04-16,0
2023-04-16,0
2023-04-16,0
2023-04-16,0
2023-04-16,0
2023-04-16,0
2023-04-16,0
2023-04-16,0
2023-04-16,0
2023-04-16,0
2023-04-16,0
2023-04-16,0
2023-04-16,0
2023-04-16,0
2023-04-16,0
2023-04-16,0
2023-04-16,0
2023-04-16,0
2023-04-16,0
2023-04-16,0
2023-04-16,0
2023-04-16,0
2023-04-17,0
2023-04-17,0
2023-04-17,0
2023-04-17,0
2023-04-17,0
2023-04-17,0
2023-04-17,0
2023-04-17,0
2023-04-17,0
2023-04-17,0
2023-04-17,0
2023-04-17,0
2023-04-17,0
2023-04-17,0
2023-04-17,0
2023-04-17,0
2023-04-17,0
2023-04-17,0
2023-04-17,0
2023-04-17,0
2023-04-17,0
2023-04-17,0
2023-04-17,0
2023-04-17,0
2023-04-18,0
2023-04-18,0
2023-04-18,0
2023-04-18,0
2023-04-18,0
2023-04-18,0
2023-04-18,0
2023-04-18,0
2023-04-18,0
2023-04-18,0
2023-04-18,0
2023-04-18,0
2023-04-18,0
2023-04-18,0
2023-04-18,0
2023-04-18,0
2023-04-18,0
2023-04-18,0
2023-04-18,0
2023-04-18,0
2023-04-18,0
2023-04-18,0
2023-04-18,0
2023-04-18,0
2023-04-19,0
2023-04-19,0
2023-04-19,0
2023-04-19,0
2023-04-19,0
2023-04-19,0
2023-04-19,0
2023-04-19,0
2023-04-19,0
2023-04-19,0
2023-04-19,0
2023-04-19,0
2023-04-19,0
2023-04-19,0
2023-04-19,0
2023-04-19,0
2023-04-19,0
2023-04-19,0
2023-04-19,0
2023-04-19,0
2023-04-19,0
2023-04-19,0
2023-04-19,0
2023-04-19,0
2023-04-20,0
2023-04-20,0
2023-04-20,0
2023-04-20,0
2023-04-20,0
2023-04-20,0
2023-04-20,0
2023-04-20,0
2023-04-20,0
2023-04-20,0
2023-04-20,0
2023-04-20,0
2023-04-20,0
2023-04-20,0
2023-04-20,0
2023-04-20,0
2023-04-20,0
2023-04-20,0
2023-04-20,0
2023-04-20,0
2023-04-20,0
2023-04-20,0
2023-04-20,0
2023-04-20,0
2023-04-21,0
2023-04-21,0
2023-04-21,0
2023-04-21,0
2023-04-21,0
2023-04-21,0
2023-04-21,0
2023-04-21,0
2023-04-21,0
2023-04-21,0
2023-04-21,0
2023-04-21,0
2023-04-21,0
2023-04-21,0
2023-04-21,0
2023-04-21,0
2023-04-21,0
2023-04-21,0
2023-04-21,0
2023-04-21,0
2023-04-21,0
2023-04-21,0
2023-04-21,0
2023-04-21,0
2023-04-22,0
2023-04-22,0
2023-04-22,0
2023-04-22,0
2023-04-22,0
2023-04-22,0
2023-04-22,0
2023-04-22,0
2023-04-22,0
2023-04-22,0
2023-04-22,0
2023-04-22,0
2023-04-22,0
2023-04-22,0
2023-04-22,0
2023-04-22,0
2023-04-22,0
2023-04-22,0
2023-04-22,0
2023-04-22,0
2023-04-22,0
2023-04-22,0
2023-04-22,0
2023-04-22,0
2023-04-23,0
2023-04-23,0
2023-04-23,0
2023-04-23,0
2023-04-23,0
2023-04-23,0
2023-04-23,0
2023-04-23,0
2023-04-23,0
2023-04-23,0
2023-04-23,0
2023-04-23,0
2023-04-23,0
2023-04-23,0
2023-04-23,0
2023-04-23,0
2023-04-23,0
2023-04-23,0
2023-04-23,0
2023-04-23,0
2023-04-23,0
2023-04-23,0
2023-04-23,0
2023-04-23,0
2023-04-24,0
2023-04-24,0
2023-04-24,0
2023-04-24,0
2023-04-24,0
2023-04-24,0
2023-04-24,0
2023-04-24,0
2023-04-24,0
2023-04-24,0
2023-04-24,0
2023-04-24,0
2023-04-24,0
2023-04-24,0
2023-04-24,0
2023-04-24,0
2023-04-24,0
2023-04-24,0
2023-04-24,0
2023-04-24,0
2023-04-24,0
2023-04-24,0
2023-04-24,0
2023-04-24,0
2023-04-25,0
2023-04-25,0
2023-04-25,0
2023-04-25,0
2023-04-25,0
2023-04-25,0
2023-04-25,0
2023-04-25,0
2023-04-25,0
2023-04-25,0
2023-04-25,0
2023-04-25,0
2023-04-25,0
2023-04-25,0
2023-04-25,0
2023-04-25,0
2023-04-25,0
2023-04-25,0
2023-04-25,0
2023-04-25,0
2023-04-25,0
2023-04-25,0
2023-04-25,0
2023-04-25,0
2023-04-26,0
2023-04-26,0
2023-04-26,0
2023-04-26,0
2023-04-26,0
2023-04-26,0
2023-04-26,0
2023-04-26,0
2023-04-26,0
2023-04-26,0
2023-04-26,0
2023-04-26,0
2023-04-26,0
2023-04-26,0
2023-04-26,0
2023-04-26,0
2023-04-26,0
2023-04-26,0
2023-04-26,0
2023-04-26,0
2023-04-26,0
2023-04-26,0
2023-04-26,0
2023-04-26,0
2023-04-27,0
2023-04-27,0
2023-04-27,0
2023-04-27,0
2023-04-27,0
2023-04-27,0
2023-04-27,0
2023-04-27,0
2023-04-27,0
2023-04-27,0
2023-04-27,0
2023-04-27,0
2023-04-27,0
2023-04-27,0
2023-04-27,0
2023-04-27,0
2023-04-27,0
2023-04-27,0
2023-04-27,0
2023-04-27,0
2023-04-27,0
2023-04-27,0
2023-04-27,0
2023-04-27,0
2023-04-28,0
2023-04-28,0
2023-04-28,0
2023-04-28,0
2023-04-28,0
2023-04-28,0
2023-04-28,0
2023-04-28,0
2023-04-28,0
2023-04-28,0
2023-04-28,0
2023-04-28,0
2023-04-28,0
2023-04-28,0
2023-04-28,0
2023-04-28,0
2023-04-28,0
2023-04-28,0
2023-04-28,0
2023-04-28,0
2023-04-28,0
2023-04-28,0
2023-04-28,0
2023-04-28,0
2023-04-29,0
2023-04-29,0
2023-04-29,0
2023-04-29,0
2023-04-29,0
2023-04-29,0
2023-04-29,0
2023-04-29,0
2023-04-29,0
2023-04-29,0
2023-04-29,0
2023-04-29,0
2023-04-29,0
2023-04-29,0
2023-04-29,0
2023-04-29,0
2023-04-29,0
2023-04-29,0
2023-04-29,0
2023-04-29,0
2023-04-29,0
2023-04-29,0
2023-04-29,0
2023-04-29,0
2023-04-30,0
2023-04-30,0
2023-04-30,0
2023-04-30,0
2023-04-30,0
2023-04-30,0
2023-04-30,0
2023-04-30,0
2023-04-30,0
2023-04-30,0
2023-04-30,0
2023-04-30,0
2023-04-30,0
2023-04-30,0
2023-04-30,0
2023-04-30,0
2023-04-30,0
2023-04-30,0
2023-04-30,0
2023-04-30,0
2023-04-30,0
2023-04-30,0
2023-04-30,0
2023-04-30,0
2023-05-01,0
2023-05-01,0
2023-05-01,0
2023-05-01,0
2023-05-01,0
2023-05-01,0
2023-05-01,0
2023-05-01,0
2023-05-01,0
2023-05-01,0
2023-05-01,0
2023-05-01,0
2023-05-01,0
2023-05-01,0
2023-05-01,0
2023-05-01,0
2023-05-01,0
2023-05-01,0
2023-05-01,0
2023-05-01,0
2023-05-01,0
2023-05-01,0
2023-05-01,0
2023-05-01,0
2023-05-02,0
2023-05-02,0
2023-05-02,0
2023-05-02,0
2023-05-02,0
2023-05-02,0
2023-05-02,0
2023-05-02,0
2023-05-02,0
2023-05-02,0
2023-05-02,0
2023-05-02,0
2023-05-02,0
2023-05-02,0
2023-05-02,0
2023-05-02,0
2023-05-02,0
2023-05-02,0
2023-05-02,0
2023-05-02,0
2023-05-02,0
2023-05-02,0
2023-05-02,0
2023-05-02,0
2023-05-03,0
2023-05-03,0
2023-05-03,0
2023-05-03,0
2023-05-03,0
2023-05-03,0
2023-05-03,0
2023-05-03,0
2023-05-03,0
2023-05-03,0
2023-05-03,0
2023-05-03,0
2023-05-03,0
2023-05-03,0
2023-05-03,0
2023-05-03,0
2023-05-03,0
2023-05-03,0
2023-05-03,0
2023-05-03,0
2023-05-03,0
2023-05-03,0
2023-05-03,0
2023-05-03,0
2023-05-04,0
2023-05-04,0
2023-05-04,0
2023-05-04,0
2023-05-04,0
2023-05-04,0
2023-05-04,0
2023-05-04,0
2023-05-04,0
2023-05-04,0
2023-05-04,0
2023-05-04,0
2023-05-04,0
2023-05-04,0
2023-05-04,0
2023-05-04,0
2023-05-04,0
2023-05-04,0
2023-05-04,0
2023-05-04,0
2023-05-04,0
2023-05-04,0
2023-05-04,0
2023-05-04,0
2023-05-05,0
2023-05-05,0
2023-05-05,0
2023-05-05,0
2023-05-05,0
2023-05-05,0
2023-05-05,0
2023-05-05,0
2023-05-05,0
2023-05-05,0
2023-05-05,0
2023-05-05,0
2023-05-05,0
2023-05-05,0
2023-05-05,0
2023-05-05,0
2023-05-05,0
2023-05-05,0
2023-05-05,0
2023-05-05,0
2023-05-05,0
2023-05-05,0
2023-05-05,0
2023-05-05,0
2023-05-06,0
2023-05-06,0
2023-05-06,0
2023-05-06,0
2023-05-06,0
2023-05-06,0
2023-05-06,0
2023-05-06,0
2023-05-06,0
2023-05-06,0
2023-05-06,0
2023-05-06,0
2023-05-06,0
2023-05-06,0
2023-05-06,0
2023-05-06,0
2023-05-06,0
2023-05-06,0
2023-05-06,0
2023-05-06,0
2023-05-06,0
2023-05-06,0
2023-05-06,0
2023-05-06,0
2023-05-07,0
2023-05-07,0
2023-05-07,0
2023-05-07,0
2023-05-07,0
2023-05-07,0
2023-05-07,0
2023-05-07,0
2023-05-07,0
2023-05-07,0
2023-05-07,0
2023-05-07,0
2023-05-07,0
2023-05-07,0
2023-05-07,0
2023-05-07,0
2023-05-07,0
2023-05-07,0
2023-05-07,0
2023-05-07,0
2023-05-07,0
2023-05-07,0
2023-05-07,0
2023-05-07,0
2023-05-08,0
2023-05-08,0
2023-05-08,0
2023-05-08,0
2023-05-08,0
2023-05-08,0
2023-05-08,0
2023-05-08,0
2023-05-08,0
2023-05-08,0
2023-05-08,0
2023-05-08,0
2023-05-08,0
2023-05-08,0
2023-05-08,0
2023-05-08,0
2023-05-08,0
2023-05-08,0
2023-05-08,0
2023-05-08,0
2023-05-08,0
2023-05-08,0
2023-05-08,0
2023-05-08,0
2023-05-09,0
2023-05-09,0
2023-05-09,0
2023-05-09,0
2023-05-09,0
2023-05-09,0
2023-05-09,0
2023-05-09,0
2023-05-09,0
2023-05-09,0
2023-05-09,0
2023-05-09,0
2023-05-09,0
2023-05-09,0
2023-05-09,0
2023-05-09,0
2023-05-09,0
2023-05-09,0
2023-05-09,0
2023-05-09,0
2023-05-09,0
2023-05-09,0
2023-05-09,0
2023-05-09,0
2023-05-10,0
2023-05-10,0
2023-05-10,0
2023-05-10,0
2023-05-10,0
2023-05-10,0
2023-05-10,0
2023-05-10,0
2023-05-10,0
2023-05-10,0
2023-05-10,0
2023-05-10,0
2023-05-10,0
2023-05-10,0
2023-05-10,0
2023-05-10,0
2023-05-10,0
2023-05-10,0
2023-05-10,0
2023-05-10,0
2023-05-10,0
2023-05-10,0
2023-05-10,0
2023-05-10,0
2023-05-11,0
2023-05-11,0
2023-05-11,0
2023-05-11,0
2023-05-11,0
2023-05-11,0
2023-05-11,0
2023-05-11,0
2023-05-11,0
2023-05-11,0
2023-05-11,0
2023-05-11,0
2023-05-11,0
2023-05-11,0
2023-05-11,0
2023-05-11,0
2023-05-11,0
2023-05-11,0
2023-05-11,0
2023-05-11,0
2023-05-11,0
2023-05-11,0
2023-05-11,0
2023-05-11,0
2023-05-12,0
2023-05-12,0
2023-05-12,0
2023-05-12,0
2023-05-12,0
2023-05-12,0
2023-05-12,0
2023-05-12,0
2023-05-12,0
2023-05-12,0
2023-05-12,0
2023-05-12,0
2023-05-12,0
2023-05-12,0
2023-05-12,0
2023-05-12,0
2023-05-12,0
2023-05-12,0
2023-05-12,0
2023-05-12,0
2023-05-12,0
2023-05-12,0
2023-05-12,0
2023-05-12,0
2023-05-13,0
2023-05-13,0
2023-05-13,0
2023-05-13,0
2023-05-13,0
2023-05-13,0
2023-05-13,0
2023-05-13,0
2023-05-13,0
2023-05-13,0
2023-05-13,0
2023-05-13,0
2023-05-13,0
2023-05-13,0
2023-05-13,0
2023-05-13,0
2023-05-13,0
2023-05-13,0
2023-05-13,0
2023-05-13,0
2023-05-13,0
2023-05-13,0
2023-05-13,0
2023-05-13,0
2023-05-14,0
2023-05-14,0
2023-05-14,0
2023-05-14,0
2023-05-14,0
2023-05-14,0
2023-05-14,0
2023-05-14,0
2023-05-14,0
2023-05-14,0
2023-05-14,0
2023-05-14,0
2023-05-14,0
2023-05-14,0
2023-05-14,0
2023-05-14,0
2023-05-14,0
2023-05-14,0
2023-05-14,0
2023-05-14,0
2023-05-14,0
2023-05-14,0
2023-05-14,0
2023-05-14,0
2023-05-15,0
2023-05-15,0
2023-05-15,0
2023-05-15,0
2023-05-15,0
2023-05-15,0
2023-05-15,0
2023-05-15,0
2023-05-15,0
2023-05-15,0
2023-05-15,0
2023-05-15,0
2023-05-15,0
2023-05-15,0
2023-05-15,0
2023-05-15,0
2023-05-15,0
2023-05-15,0
2023-05-15,0
2023-05-15,0
2023-05-15,0
2023-05-15,0
2023-05-15,0
2023-05-15,0
2023-05-16,0
2023-05-16,0
2023-05-16,0
2023-05-16,0
2023-05-16,0
2023-05-16,0
2023-05-16,0
2023-05-16,0
2023-05-16,0
2023-05-16,0
2023-05-16,0
2023-05-16,0
2023-05-16,0
2023-05-16,0
2023-05-16,0
2023-05-16,0
2023-05-16,0
2023-05-16,0
2023-05-16,0
2023-05-16,0
2023-05-16,0
2023-05-16,0
2023-05-16,0
2023-05-16,0
2023-05-17,0
2023-05-17,0
2023-05-17,0
2023-05-17,0
2023-05-17,0
2023-05-17,0
2023-05-17,0
2023-05-17,0
2023-05-17,0
2023-05-17,0
2023-05-17,0
2023-05-17,0
2023-05-17,0
2023-05-17,0
2023-05-17,0
2023-05-17,0
2023-05-17,0
2023-05-17,0
2023-05-17,0
2023-05-17,0
2023-05-17,0
2023-05-17,0
2023-05-17,0
2023-05-17,0
2023-05-18,0
2023-05-18,0
2023-05-18,0
2023-05-18,0
2023-05-18,0
2023-05-18,0
2023-05-18,0
2023-05-18,0
2023-05-18,0
2023-05-18,0
2023-05-18,0
2023-05-18,0
2023-05-18,0
2023-05-18,0
2023-05-18,0
2023-05-18,0
2023-05-18,0
2023-05-18,0
2023-05-18,0
2023-05-18,0
2023-05-18,0
2023-05-18,0
2023-05-18,0
2023-05-18,0
2023-05-19,0
2023-05-19,0
2023-05-19,0
2023-05-19,0
2023-05-19,0
2023-05-19,0
2023-05-19,0
2023-05-19,0
2023-05-19,0
2023-05-19,0
2023-05-19,0
2023-05-19,0
2023-05-19,0
2023-05-19,0
2023-05-19,0
2023-05-19,0
2023-05-19,0
2023-05-19,0
2023-05-19,0
2023-05-19,0
2023-05-19,0
2023-05-19,0
2023-05-19,0
2023-05-19,0
2023-05-20,0
2023-05-20,0
2023-05-20,0
2023-05-20,0
2023-05-20,0
2023-05-20,0
2023-05-20,0
2023-05-20,0
2023-05-20,0
2023-05-20,0
2023-05-20,0
2023-05-20,0
2023-05-20,0
2023-05-20,0
2023-05-20,0
2023-05-20,0
2023-05-20,0
2023-05-20,0
2023-05-20,0
2023-05-20,0
2023-05-20,0
2023-05-20,0
2023-05-20,0
2023-05-20,0
2023-05-21,0
2023-05-21,0
2023-05-21,0
2023-05-21,0
2023-05-21,0
2023-05-21,0
2023-05-21,0
2023-05-21,0
2023-05-21,0
2023-05-21,0
2023-05-21,0
2023-05-21,0
2023-05-21,0
2023-05-21,0
2023-05-21,0
2023-05-21,0
2023-05-21,0
2023-05-21,0
2023-05-21,0
2023-05-21,0
2023-05-21,0
2023-05-21,0
2023-05-21,0
2023-05-21,0
2023-05-22,0
2023-05-22,0
2023-05-22,0
2023-05-22,0
2023-05-22,0
2023-05-22,0
2023-05-22,0
2023-05-22,0
2023-05-22,0
2023-05-22,0
2023-05-22,0
2023-05-22,0
2023-05-22,0
2023-05-22,0
2023-05-22,0
2023-05-22,0
2023-05-22,0
2023-05-22,0
2023-05-22,0
2023-05-22,0
2023-05-22,0
2023-05-22,0
2023-05-22,0
2023-05-22,0
2023-05-23,0
2023-05-23,0
2023-05-23,0
2023-05-23,0
2023-05-23,0
2023-05-23,0
2023-05-23,0
2023-05-23,0
2023-05-23,0
2023-05-23,0
2023-05-23,0
2023-05-23,0
2023-05-23,0
2023-05-23,0
2023-05-23,0
2023-05-23,0
2023-05-23,0
2023-05-23,0
2023-05-23,0
2023-05-23,0
2023-05-23,0
2023-05-23,0
2023-05-23,0
2023-05-23,0
2023-05-24,0
2023-05-24,0
2023-05-24,0
2023-05-24,0
2023-05-24,0
2023-05-24,0
2023-05-24,0
2023-05-24,0
2023-05-24,0
2023-05-24,0
2023-05-24,0
2023-05-24,0
2023-05-24,0
2023-05-24,0
2023-05-24,0
2023-05-24,0
2023-05-24,0
2023-05-24,0
2023-05-24,0
2023-05-24,0
2023-05-24,0
2023-05-24,0
2023-05-24,0
2023-05-24,0
2023-05-25,0
2023-05-25,0
2023-05-25,0
2023-05-25,0
2023-05-25,0
2023-05-25,0
2023-05-25,0
2023-05-25,0
2023-05-25,0
2023-05-25,0
2023-05-25,0
2023-05-25,0
2023-05-25,0
2023-05-25,0
2023-05-25,0
2023-05-25,0
2023-05-25,0
2023-05-25,0
2023-05-25,0
2023-05-25,0
2023-05-25,0
2023-05-25,0
2023-05-25,0
2023-05-25,0
2023-05-26,0
2023-05-26,0
2023-05-26,0
2023-05-26,0
2023-05-26,0
2023-05-26,0
2023-05-26,0
2023-05-26,0
2023-05-26,0
2023-05-26,0
2023-05-26,0
2023-05-26,0
2023-05-26,0
2023-05-26,0
2023-05-26,0
2023-05-26,0
2023-05-26,0
2023-05-26,0
2023-05-26,0
2023-05-26,0
2023-05-26,0
2023-05-26,0
2023-05-26,0
2023-05-26,0
2023-05-27,0
2023-05-27,0
2023-05-27,0
2023-05-27,0
2023-05-27,0
2023-05-27,0
2023-05-27,0
2023-05-27,0
2023-05-27,0
2023-05-27,0
2023-05-27,0
2023-05-27,0
2023-05-27,0
2023-05-27,0
2023-05-27,0
2023-05-27,0
2023-05-27,0
2023-05-27,0
2023-05-27,0
2023-05-27,0
2023-05-27,0
2023-05-27,0
2023-05-27,0
2023-05-27,0
2023-05-28,0
2023-05-28,0
2023-05-28,0
2023-05-28,0
2023-05-28,0
2023-05-28,0
2023-05-28,0
2023-05-28,0
2023-05-28,0
2023-05-28,0
2023-05-28,0
2023-05-28,0
2023-05-28,0
2023-05-28,0
2023-05-28,0
2023-05-28,0
2023-05-28,0
2023-05-28,0
2023-05-28,0
2023-05-28,0
2023-05-28,0
2023-05-28,0
2023-05-28,0
2023-05-28,0
2023-05-29,0
2023-05-29,0
2023-05-29,0
2023-05-29,0
2023-05-29,0
2023-05-29,0
2023-05-29,0
2023-05-29,0
2023-05-29,0
2023-05-29,0
2023-05-29,0
2023-05-29,0
2023-05-29,0
2023-05-29,0
2023-05-29,0
2023-05-29,0
2023-05-29,0
2023-05-29,0
2023-05-29,0
2023-05-29,0
2023-05-29,0
2023-05-29,0
2023-05-29,0
2023-05-29,0
2023-05-30,0
2023-05-30,0
2023-05-30,0
2023-05-30,0
2023-05-30,0
2023-05-30,0
2023-05-30,0
2023-05-30,0
2023-05-30,0
2023-05-30,0
2023-05-30,0
2023-05-30,0
2023-05-30,0
2023-05-30,0
2023-05-30,0
2023-05-30,0
2023-05-30,0
2023-05-30,0
2023-05-30,0
2023-05-30,0
2023-05-30,0
2023-05-30,0
2023-05-30,0
2023-05-30,0
2023-05-31,0
2023-05-31,0
2023-05-31,0
2023-05-31,0
2023-05-31,0
2023-05-31,0
2023-05-31,0
2023-05-31,0
2023-05-31,0
2023-05-31,0
2023-05-31,0
2023-05-31,0
2023-05-31,0
2023-05-31,0
2023-05-31,0
2023-05-31,0
2023-05-31,0
2023-05-31,0
2023-05-31,0
2023-05-31,0
2023-05-31,0
2023-05-31,0
2023-05-31,0
2023-05-31,0
2023-06-01,0
2023-06-01,0
2023-06-01,0
2023-06-01,0
2023-06-01,0
2023-06-01,0
2023-06-01,0
2023-06-01,0
2023-06-01,0
2023-06-01,0
2023-06-01,0
2023-06-01,0
2023-06-01,0
2023-06-01,0
2023-06-01,0
2023-06-01,0
2023-06-01,0
2023-06-01,0
2023-06-01,0
2023-06-01,0
2023-06-01,0
2023-06-01,0
2023-06-01,0
2023-06-01,0
2023-06-02,0
2023-06-02,0
2023-06-02,0
2023-06-02,0
2023-06-02,0
2023-06-02,0
2023-06-02,0
2023-06-02,0
2023-06-02,0
2023-06-02,0
2023-06-02,0
2023-06-02,0
2023-06-02,0
2023-06-02,0
2023-06-02,0
2023-06-02,0
2023-06-02,0
2023-06-02,0
2023-06-02,0
2023-06-02,0
2023-06-02,0
2023-06-02,0
2023-06-02,0
2023-06-02,0
2023-06-03,0
2023-06-03,0
2023-06-03,0
2023-06-03,0
2023-06-03,0
2023-06-03,0
2023-06-03,0
2023-06-03,0
2023-06-03,0
2023-06-03,0
2023-06-03,0
2023-06-03,0
2023-06-03,0
2023-06-03,0
2023-06-03,0
2023-06-03,0
2023-06-03,0
2023-06-03,0
2023-06-03,0
2023-06-03,0
2023-06-03,0
2023-06-03,0
2023-06-03,0
2023-06-03,0
2023-06-04,0
2023-06-04,0
2023-06-04,0
2023-06-04,0
2023-06-04,0
2023-06-04,0
2023-06-04,0
2023-06-04,0
2023-06-04,0
2023-06-04,0
2023-06-04,0
2023-06-04,0
2023-06-04,0
2023-06-04,0
2023-06-04,0
2023-06-04,0
2023-06-04,0
2023-06-04,0
2023-06-04,0
2023-06-04,0
2023-06-04,0
2023-06-04,0
2023-06-04,0
2023-06-04,0
2023-06-05,0
2023-06-05,0
2023-06-05,0
2023-06-05,0
2023-06-05,0
2023-06-05,0
2023-06-05,0
2023-06-05,0
2023-06-05,0
2023-06-05,0
2023-06-05,0
2023-06-05,0
2023-06-05,0
2023-06-05,0
2023-06-05,0
2023-06-05,0
2023-06-05,0
2023-06-05,0
2023-06-05,0
2023-06-05,0
2023-06-05,0
2023-06-05,0
2023-06-05,0
2023-06-05,0
2023-06-06,0
2023-06-06,0
2023-06-06,0
2023-06-06,0
2023-06-06,0
2023-06-06,0
2023-06-06,0
2023-06-06,0
2023-06-06,0
2023-06-06,0
2023-06-06,0
2023-06-06,0
2023-06-06,0
2023-06-06,0
2023-06-06,0
2023-06-06,0
2023-06-06,0
2023-06-06,0
2023-06-06,0
2023-06-06,0
2023-06-06,0
2023-06-06,0
2023-06-06,0
2023-06-06,0
2023-06-07,0
2023-06-07,0
2023-06-07,0
2023-06-07,0
2023-06-07,0
2023-06-07,0
2023-06-07,0
2023-06-07,0
2023-06-07,0
2023-06-07,0
2023-06-07,0
2023-06-07,0
2023-06-07,0
2023-06-07,0
2023-06-07,0
2023-06-07,0
2023-06-07,0
2023-06-07,0
2023-06-07,0
2023-06-07,0
2023-06-07,0
2023-06-07,0
2023-06-07,0
2023-06-07,0
2023-06-08,0
2023-06-08,0
2023-06-08,0
2023-06-08,0
2023-06-08,0
2023-06-08,0
2023-06-08,0
2023-06-08,0
2023-06-08,0
2023-06-08,0
2023-06-08,0
2023-06-08,0
2023-06-08,0
2023-06-08,0
2023-06-08,0
2023-06-08,0
2023-06-08,0
2023-06-08,0
2023-06-08,0
2023-06-08,0
2023-06-08,0
2023-06-08,0
2023-06-08,0
2023-06-08,0
2023-06-09,0
2023-06-09,0
2023-06-09,0
2023-06-09,0
2023-06-09,0
2023-06-09,0
2023-06-09,0
2023-06-09,0
2023-06-09,0
2023-06-09,0
2023-06-09,0
2023-06-09,0
2023-06-09,0
2023-06-09,0
2023-06-09,0
2023-06-09,0
2023-06-09,0
2023-06-09,0
2023-06-09,0
2023-06-09,0
2023-06-09,0
2023-06-09,0
2023-06-09,0
2023-06-09,0
2023-06-10,0
2023-06-10,0
2023-06-10,0
2023-06-10,0
2023-06-10,0
2023-06-10,0
2023-06-10,0
2023-06-10,0
2023-06-10,0
2023-06-10,0
2023-06-10,0
2023-06-10,0
2023-06-10,0
2023-06-10,0
2023-06-10,0
2023-06-10,0
2023-06-10,0
2023-06-10,0
2023-06-10,0
2023-06-10,0
2023-06-10,0
2023-06-10,0
2023-06-10,0
2023-06-10,0
2023-06-11,0
2023-06-11,0
2023-06-11,0
2023-06-11,0
2023-06-11,0
2023-06-11,0
2023-06-11,0
2023-06-11,0
2023-06-11,0
2023-06-11,0
2023-06-11,0
2023-06-11,0
2023-06-11,0
2023-06-11,0
2023-06-11,0
2023-06-11,0
2023-06-11,0
2023-06-11,0
2023-06-11,0
2023-06-11,0
2023-06-11,0
2023-06-11,0
2023-06-11,0
2023-06-11,0
2023-06-12,0
2023-06-12,0
2023-06-12,0
2023-06-12,0
2023-06-12,0
2023-06-12,0
2023-06-12,0
2023-06-12,0
2023-06-12,0
2023-06-12,0
2023-06-12,0
2023-06-12,0
2023-06-12,0
2023-06-12,0
2023-06-12,0
2023-06-12,0
2023-06-12,0
2023-06-12,0
2023-06-12,0
2023-06-12,0
2023-06-12,0
2023-06-12,0
2023-06-12,0
2023-06-12,0
2023-06-13,0
2023-06-13,0
2023-06-13,0
2023-06-13,0
2023-06-13,0
2023-06-13,0
2023-06-13,0
2023-06-13,0
2023-06-13,0
2023-06-13,0
2023-06-13,0
2023-06-13,0
2023-06-13,0
2023-06-13,0
2023-06-13,0
2023-06-13,0
2023-06-13,0
2023-06-13,0
2023-06-13,0
2023-06-13,0
2023-06-13,0
2023-06-13,0
2023-06-13,0
2023-06-13,0
2023-06-14,0
2023-06-14,0
2023-06-14,0
2023-06-14,0
2023-06-14,0
2023-06-14,0
2023-06-14,0
2023-06-14,0
2023-06-14,0
2023-06-14,0
2023-06-14,0
2023-06-14,0
2023-06-14,0
2023-06-14,0
2023-06-14,0
2023-06-14,0
2023-06-14,0
2023-06-14,0
2023-06-14,0
2023-06-14,0
2023-06-14,0
2023-06-14,0
2023-06-14,0
2023-06-14,0
2023-06-15,0
2023-06-15,0
2023-06-15,0
2023-06-15,0
2023-06-15,0
2023-06-15,0
2023-06-15,0
2023-06-15,0
2023-06-15,0
2023-06-15,0
2023-06-15,0
2023-06-15,0
2023-06-15,0
2023-06-15,0
2023-06-15,0
2023-06-15,0
2023-06-15,0
2023-06-15,0
2023-06-15,0
2023-06-15,0
2023-06-15,0
2023-06-15,0
2023-06-15,0
2023-06-15,0
2023-06-16,0
2023-06-16,0
2023-06-16,0
2023-06-16,0
2023-06-16,0
2023-06-16,0
2023-06-16,0
2023-06-16,0
2023-06-16,0
2023-06-16,0
2023-06-16,0
2023-06-16,0
2023-06-16,0
2023-06-16,0
2023-06-16,0
2023-06-16,0
2023-06-16,0
2023-06-16,0
2023-06-16,0
2023-06-16,0
2023-06-16,0
2023-06-16,0
2023-06-16,0
2023-06-16,0
2023-06-17,0
2023-06-17,0
2023-06-17,0
2023-06-17,0
2023-06-17,0
2023-06-17,0
2023-06-17,0
2023-06-17,0
2023-06-17,0
2023-06-17,0
2023-06-17,0
2023-06-17,0
2023-06-17,0
2023-06-17,0
2023-06-17,0
2023-06-17,0
2023-06-17,0
2023-06-17,0
2023-06-17,0
2023-06-17,0
2023-06-17,0
2023-06-17,0
2023-06-17,0
2023-06-17,0
2023-06-18,0
2023-06-18,0
2023-06-18,0
2023-06-18,0
2023-06-18,0
2023-06-18,0
2023-06-18,0
2023-06-18,0
2023-06-18,0
2023-06-18,0
2023-06-18,0
2023-06-18,0
2023-06-18,0
2023-06-18,0
2023-06-18,0
2023-06-18,0
2023-06-18,0
2023-06-18,0
2023-06-18,0
2023-06-18,0
2023-06-18,0
2023-06-18,0
2023-06-18,0
2023-06-18,0
2023-06-19,0
2023-06-19,0
2023-06-19,0
2023-06-19,0
2023-06-19,0
2023-06-19,0
2023-06-19,0
2023-06-19,0
2023-06-19,0
2023-06-19,0
2023-06-19,0
2023-06-19,0
2023-06-19,0
2023-06-19,0
2023-06-19,0
2023-06-19,0
2023-06-19,0
2023-06-19,0
2023-06-19,0
2023-06-19,0
2023-06-19,0
2023-06-19,0
2023-06-19,0
2023-06-19,0
2023-06-20,0
2023-06-20,0
2023-06-20,0
2023-06-20,0
2023-06-20,0
2023-06-20,0
2023-06-20,0
2023-06-20,0
2023-06-20,0
2023-06-20,0
2023-06-20,0
2023-06-20,0
2023-06-20,0
2023-06-20,0
2023-06-20,0
2023-06-20,0
2023-06-20,0
2023-06-20,0
2023-06-20,0
2023-06-20,0
2023-06-20,0
2023-06-20,0
2023-06-20,0
2023-06-20,0
2023-06-21,0
2023-06-21,0
2023-06-21,0
2023-06-21,0
2023-06-21,0
2023-06-21,0
2023-06-21,0
2023-06-21,0
2023-06-21,0
2023-06-21,0
2023-06-21,0
2023-06-21,0
2023-06-21,0
2023-06-21,0
2023-06-21,0
2023-06-21,0
2023-06-21,0
2023-06-21,0
2023-06-21,0
2023-06-21,0
2023-06-21,0
2023-06-21,0
2023-06-21,0
2023-06-21,0
2023-06-22,0
2023-06-22,0
2023-06-22,0
2023-06-22,0
2023-06-22,0
2023-06-22,0
2023-06-22,0
2023-06-22,0
2023-06-22,0
2023-06-22,0
2023-06-22,0
2023-06-22,0
2023-06-22,0
2023-06-22,0
2023-06-22,0
2023-06-22,0
2023-06-22,0
2023-06-22,0
2023-06-22,0
2023-06-22,0
2023-06-22,0
2023-06-22,0
2023-06-22,0
2023-06-22,0
2023-06-23,0
2023-06-23,0
2023-06-23,0
2023-06-23,0
2023-06-23,0
2023-06-23,0
2023-06-23,0
2023-06-23,0
2023-06-23,0
2023-06-23,0
2023-06-23,0
2023-06-23,0
2023-06-23,0
2023-06-23,0
2023-06-23,0
2023-06-23,0
2023-06-23,0
2023-06-23,0
2023-06-23,0
2023-06-23,0
2023-06-23,0
2023-06-23,0
2023-06-23,0
2023-06-23,0
2023-06-24,0
2023-06-24,0
2023-06-24,0
2023-06-24,0
2023-06-24,0
2023-06-24,0
2023-06-24,0
2023-06-24,0
2023-06-24,0
2023-06-24,0
2023-06-24,0
2023-06-24,0
2023-06-24,0
2023-06-24,0
2023-06-24,0
2023-06-24,0
2023-06-24,0
2023-06-24,0
2023-06-24,0
2023-06-24,0
2023-06-24,0
2023-06-24,0
2023-06-24,0
2023-06-24,0
2023-06-25,0
2023-06-25,0
2023-06-25,0
2023-06-25,0
2023-06-25,0
2023-06-25,0
2023-06-25,0
2023-06-25,0
2023-06-25,0
2023-06-25,0
2023-06-25,0
2023-06-25,0
2023-06-25,0
2023-06-25,0
2023-06-25,0
2023-06-25,0
2023-06-25,0
2023-06-25,0
2023-06-25,0
2023-06-25,0
2023-06-25,0
2023-06-25,0
2023-06-25,0
2023-06-25,0
2023-06-26,0
2023-06-26,0
2023-06-26,0
2023-06-26,0
2023-06-26,0
2023-06-26,0
2023-06-26,0
2023-06-26,0
2023-06-26,0
2023-06-26,0
2023-06-26,0
2023-06-26,0
2023-06-26,0
2023-06-26,0
2023-06-26,0
2023-06-26,0
2023-06-26,0
2023-06-26,0
2023-06-26,0
2023-06-26,0
2023-06-26,0
2023-06-26,0
2023-06-26,0
2023-06-26,0
2023-06-27,0
2023-06-27,0
2023-06-27,0
2023-06-27,0
2023-06-27,0
2023-06-27,0
2023-06-27,0
2023-06-27,0
2023-06-27,0
2023-06-27,0
2023-06-27,0
2023-06-27,0
2023-06-27,0
2023-06-27,0
2023-06-27,0
2023-06-27,0
2023-06-27,0
2023-06-27,0
2023-06-27,0
2023-06-27,0
2023-06-27,0
2023-06-27,0
2023-06-27,0
2023-06-27,0
2023-06-28,0
2023-06-28,0
2023-06-28,0
2023-06-28,0
2023-06-28,0
2023-06-28,0
2023-06-28,0
2023-06-28,0
2023-06-28,0
2023-06-28,0
2023-06-28,0
2023-06-28,0
2023-06-28,0
2023-06-28,0
2023-06-28,0
2023-06-28,0
2023-06-28,0
2023-06-28,0
2023-06-28,0
2023-06-28,0
2023-06-28,0
2023-06-28,0
2023-06-28,0
2023-06-28,0
2023-06-29,0
2023-06-29,0
2023-06-29,0
2023-06-29,0
2023-06-29,0
2023-06-29,0
2023-06-29,0
2023-06-29,0
2023-06-29,0
2023-06-29,0
2023-06-29,0
2023-06-29,0
2023-06-29,0
2023-06-29,0
2023-06-29,0
2023-06-29,0
2023-06-29,0
2023-06-29,0
2023-06-29,0
2023-06-29,0
2023-06-29,0
2023-06-29,0
2023-06-29,0
2023-06-29,0
2023-06-30,0
2023-06-30,0
2023-06-30,0
2023-06-30,0
2023-06-30,0
2023-06-30,0
2023-06-30,0
2023-06-30,0
2023-06-30,0
2023-06-30,0
2023-06-30,0
2023-06-30,0
2023-06-30,0
2023-06-30,0
2023-06-30,0
2023-06-30,0
2023-06-30,0
2023-06-30,0
2023-06-30,0
2023-06-30,0
2023-06-30,0
2023-06-30,0
2023-06-30,0
2023-06-30,0
2023-07-01,0
2023-07-01,0
2023-07-01,0
2023-07-01,0
2023-07-01,0
2023-07-01,0
2023-07-01,0
2023-07-01,0
2023-07-01,0
2023-07-01,0
2023-07-01,0
2023-07-01,0
2023-07-01,0
2023-07-01,0
2023-07-01,0
2023-07-01,0
2023-07-01,0
2023-07-01,0
2023-07-01,0
2023-07-01,0
2023-07-01,0
2023-07-01,0
2023-07-01,0
2023-07-01,0
2023-07-02,0
2023-07-02,0
2023-07-02,0
2023-07-02,0
2023-07-02,0
2023-07-02,0
2023-07-02,0
2023-07-02,0
2023-07-02,0
2023-07-02,0
2023-07-02,0
2023-07-02,0
2023-07-02,0
2023-07-02,0
2023-07-02,0
2023-07-02,0
2023-07-02,0
2023-07-02,0
2023-07-02,0
2023-07-02,0
2023-07-02,0
2023-07-02,0
2023-07-02,0
2023-07-02,0
2023-07-03,0
2023-07-03,0
2023-07-03,0
2023-07-03,0
2023-07-03,0
2023-07-03,0
2023-07-03,0
2023-07-03,0
2023-07-03,0
2023-07-03,0
2023-07-03,0
2023-07-03,0
2023-07-03,0
2023-07-03,0
2023-07-03,0
2023-07-03,0
2023-07-03,0
2023-07-03,0
2023-07-03,0
2023-07-03,0
2023-07-03,0
2023-07-03,0
2023-07-03,0
2023-07-03,0
2023-07-04,0
2023-07-04,0
2023-07-04,0
2023-07-04,0
2023-07-04,0
2023-07-04,0
2023-07-04,0
2023-07-04,0
2023-07-04,0
2023-07-04,0
2023-07-04,0
2023-07-04,0
2023-07-04,0
2023-07-04,0
2023-07-04,0
2023-07-04,0
2023-07-04,0
2023-07-04,0
2023-07-04,0
2023-07-04,0
2023-07-04,0
2023-07-04,0
2023-07-04,0
2023-07-04,0
2023-07-05,0
2023-07-05,0
2023-07-05,0
2023-07-05,0
2023-07-05,0
2023-07-05,0
2023-07-05,0
2023-07-05,0
2023-07-05,0
2023-07-05,0
2023-07-05,0
2023-07-05,0
2023-07-05,0
2023-07-05,0
2023-07-05,0
2023-07-05,0
2023-07-05,0
2023-07-05,0
2023-07-05,0
2023-07-05,0
2023-07-05,0
2023-07-05,0
2023-07-05,0
2023-07-05,0
2023-07-06,0
2023-07-06,0
2023-07-06,0
2023-07-06,0
2023-07-06,0
2023-07-06,0
2023-07-06,0
2023-07-06,0
2023-07-06,0
2023-07-06,0
2023-07-06,0
2023-07-06,0
2023-07-06,0
2023-07-06,0
2023-07-06,0
2023-07-06,0
2023-07-06,0
2023-07-06,0
2023-07-06,0
2023-07-06,0
2023-07-06,0
2023-07-06,0
2023-07-06,0
2023-07-06,0
2023-07-07,0
2023-07-07,0
2023-07-07,0
2023-07-07,0
2023-07-07,0
2023-07-07,0
2023-07-07,0
2023-07-07,0
2023-07-07,0
2023-07-07,0
2023-07-07,0
2023-07-07,0
2023-07-07,0
2023-07-07,0
2023-07-07,0
2023-07-07,0
2023-07-07,0
2023-07-07,0
2023-07-07,0
2023-07-07,0
2023-07-07,0
2023-07-07,0
2023-07-07,0
2023-07-07,0
2023-07-08,0
2023-07-08,0
2023-07-08,0
2023-07-08,0
2023-07-08,0
2023-07-08,0
2023-07-08,0
2023-07-08,0
2023-07-08,0
2023-07-08,0
2023-07-08,0
2023-07-08,0
2023-07-08,0
2023-07-08,0
2023-07-08,0
2023-07-08,0
2023-07-08,0
2023-07-08,0
2023-07-08,0
2023-07-08,0
2023-07-08,0
2023-07-08,0
2023-07-08,0
2023-07-08,0
2023-07-09,0
2023-07-09,0
2023-07-09,0
2023-07-09,0
2023-07-09,0
2023-07-09,0
2023-07-09,0
2023-07-09,0
2023-07-09,0
2023-07-09,0
2023-07-09,0
2023-07-09,0
2023-07-09,0
2023-07-09,0
2023-07-09,0
2023-07-09,0
2023-07-09,0
2023-07-09,0
2023-07-09,0
2023-07-09,0
2023-07-09,0
2023-07-09,0
2023-07-09,0
2023-07-09,0
2023-07-10,0
2023-07-10,0
2023-07-10,0
2023-07-10,0
2023-07-10,0
2023-07-10,0
2023-07-10,0
2023-07-10,0
2023-07-10,0
2023-07-10,0
2023-07-10,0
2023-07-10,0
2023-07-10,0
2023-07-10,0
2023-07-10,0
2023-07-10,0
2023-07-10,0
2023-07-10,0
2023-07-10,0
2023-07-10,0
2023-07-10,0
2023-07-10,0
2023-07-10,0
2023-07-10,0
2023-07-11,0
2023-07-11,0
2023-07-11,0
2023-07-11,0
2023-07-11,0
2023-07-11,0
2023-07-11,0
2023-07-11,0
2023-07-11,0
2023-07-11,0
2023-07-11,0
2023-07-11,0
2023-07-11,0
2023-07-11,0
2023-07-11,0
2023-07-11,0
2023-07-11,0
2023-07-11,0
2023-07-11,0
2023-07-11,0
2023-07-11,0
2023-07-11,0
2023-07-11,0
2023-07-11,0
2023-07-12,0
2023-07-12,0
2023-07-12,0
2023-07-12,0
2023-07-12,0
2023-07-12,0
2023-07-12,0
2023-07-12,0
2023-07-12,0
2023-07-12,0
2023-07-12,0
2023-07-12,0
2023-07-12,0
2023-07-12,0
2023-07-12,0
2023-07-12,0
2023-07-12,0
2023-07-12,0
2023-07-12,0
2023-07-12,0
2023-07-12,0
2023-07-12,0
2023-07-12,0
2023-07-12,0
2023-07-13,0
2023-07-13,0
2023-07-13,0
2023-07-13,0
2023-07-13,0
2023-07-13,0
2023-07-13,0
2023-07-13,0
2023-07-13,0
2023-07-13,0
2023-07-13,0
2023-07-13,0
2023-07-13,0
2023-07-13,0
2023-07-13,0
2023-07-13,0
2023-07-13,0
2023-07-13,0
2023-07-13,0
2023-07-13,0
2023-07-13,0
2023-07-13,0
2023-07-13,0
2023-07-13,0
2023-07-14,0
2023-07-14,0
2023-07-14,0
2023-07-14,0
2023-07-14,0
2023-07-14,0
2023-07-14,0
2023-07-14,0
2023-07-14,0
2023-07-14,0
2023-07-14,0
2023-07-14,0
2023-07-14,0
2023-07-14,0
2023-07-14,0
2023-07-14,0
2023-07-14,0
2023-07-14,0
2023-07-14,0
2023-07-14,0
2023-07-14,0
2023-07-14,0
2023-07-14,0
2023-07-14,0
2023-07-15,0
2023-07-15,0
2023-07-15,0
2023-07-15,0
2023-07-15,0
2023-07-15,0
2023-07-15,0
2023-07-15,0
2023-07-15,0
2023-07-15,0
2023-07-15,0
2023-07-15,0
2023-07-15,0
2023-07-15,0
2023-07-15,0
2023-07-15,0
2023-07-15,0
2023-07-15,0
2023-07-15,0
2023-07-15,0
2023-07-15,0
2023-07-15,0
2023-07-15,0
2023-07-15,0
2023-07-16,0
2023-07-16,0
2023-07-16,0
2023-07-16,0
2023-07-16,0
2023-07-16,0
2023-07-16,0
2023-07-16,0
2023-07-16,0
2023-07-16,0
2023-07-16,0
2023-07-16,0
2023-07-16,0
2023-07-16,0
2023-07-16,0
2023-07-16,0
2023-07-16,0
2023-07-16,0
2023-07-16,0
2023-07-16,0
2023-07-16,0
2023-07-16,0
2023-07-16,0
2023-07-16,0
2023-07-17,0
2023-07-17,0
2023-07-17,0
2023-07-17,0
2023-07-17,0
2023-07-17,0
2023-07-17,0
2023-07-17,0
2023-07-17,0
2023-07-17,0
2023-07-17,0
2023-07-17,0
2023-07-17,0
2023-07-17,0
2023-07-17,0
2023-07-17,0
2023-07-17,0
2023-07-17,0
2023-07-17,0
2023-07-17,0
2023-07-17,0
2023-07-17,0
2023-07-17,0
2023-07-17,0
2023-07-18,0
2023-07-18,0
2023-07-18,0
2023-07-18,0
2023-07-18,0
2023-07-18,0
2023-07-18,0
2023-07-18,0
2023-07-18,0
2023-07-18,0
2023-07-18,0
2023-07-18,0
2023-07-18,0
2023-07-18,0
2023-07-18,0
2023-07-18,0
2023-07-18,0
2023-07-18,0
2023-07-18,0
2023-07-18,0
2023-07-18,0
2023-07-18,0
2023-07-18,0
2023-07-18,0
2023-07-19,0
2023-07-19,0
2023-07-19,0
2023-07-19,0
2023-07-19,0
2023-07-19,0
2023-07-19,0
2023-07-19,0
2023-07-19,0
2023-07-19,0
2023-07-19,0
2023-07-19,0
2023-07-19,0
2023-07-19,0
2023-07-19,0
2023-07-19,0
2023-07-19,0
2023-07-19,0
2023-07-19,0
2023-07-19,0
2023-07-19,0
2023-07-19,0
2023-07-19,0
2023-07-19,0
2023-07-20,0
2023-07-20,0
2023-07-20,0
2023-07-20,0
2023-07-20,0
2023-07-20,0
2023-07-20,0
2023-07-20,0
2023-07-20,0
2023-07-20,0
2023-07-20,0
2023-07-20,0
2023-07-20,0
2023-07-20,0
2023-07-20,0
2023-07-20,0
2023-07-20,0
2023-07-20,0
2023-07-20,0
2023-07-20,0
2023-07-20,0
2023-07-20,0
2023-07-20,0
2023-07-20,0
2023-07-21,0
2023-07-21,0
2023-07-21,0
2023-07-21,0
2023-07-21,0
2023-07-21,0
2023-07-21,0
2023-07-21,0
2023-07-21,0
2023-07-21,0
2023-07-21,0
2023-07-21,0
2023-07-21,0
2023-07-21,0
2023-07-21,0
2023-07-21,0
2023-07-21,0
2023-07-21,0
2023-07-21,0
2023-07-21,0
2023-07-21,0
2023-07-21,0
2023-07-21,0
2023-07-21,0
2023-07-22,0
2023-07-22,0
2023-07-22,0
2023-07-22,0
2023-07-22,0
2023-07-22,0
2023-07-22,0
2023-07-22,0
2023-07-22,0
2023-07-22,0
2023-07-22,0
2023-07-22,0
2023-07-22,0
2023-07-22,0
2023-07-22,0
2023-07-22,0
2023-07-22,0
2023-07-22,0
2023-07-22,0
2023-07-22,0
2023-07-22,0
2023-07-22,0
2023-07-22,0
2023-07-22,0
2023-07-23,0
2023-07-23,0
2023-07-23,0
2023-07-23,0
2023-07-23,0
2023-07-23,0
2023-07-23,0
2023-07-23,0
2023-07-23,0
2023-07-23,0
2023-07-23,0
2023-07-23,0
2023-07-23,0
2023-07-23,0
2023-07-23,0
2023-07-23,0
2023-07-23,0
2023-07-23,0
2023-07-23,0
2023-07-23,0
2023-07-23,0
2023-07-23,0
2023-07-23,0
2023-07-23,0
2023-07-24,0
2023-07-24,0
2023-07-24,0
2023-07-24,0
2023-07-24,0
2023-07-24,0
2023-07-24,0
2023-07-24,0
2023-07-24,0
2023-07-24,0
2023-07-24,0
2023-07-24,0
2023-07-24,0
2023-07-24,0
2023-07-24,0
2023-07-24,0
2023-07-24,0
2023-07-24,0
2023-07-24,0
2023-07-24,0
2023-07-24,0
2023-07-24,0
2023-07-24,0
2023-07-24,0
2023-07-25,0
2023-07-25,0
2023-07-25,0
2023-07-25,0
2023-07-25,0
2023-07-25,0
2023-07-25,0
2023-07-25,0
2023-07-25,0
2023-07-25,0
2023-07-25,0
2023-07-25,0
2023-07-25,0
2023-07-25,0
2023-07-25,0
2023-07-25,0
2023-07-25,0
2023-07-25,0
2023-07-25,0
2023-07-25,0
2023-07-25,0
2023-07-25,0
2023-07-25,0
2023-07-25,0
2023-07-26,0
2023-07-26,0
2023-07-26,0
2023-07-26,0
2023-07-26,0
2023-07-26,0
2023-07-26,0
2023-07-26,0
2023-07-26,0
2023-07-26,0
2023-07-26,0
2023-07-26,0
2023-07-26,0
2023-07-26,0
2023-07-26,0
2023-07-26,0
2023-07-26,0
2023-07-26,0
2023-07-26,0
2023-07-26,0
2023-07-26,0
2023-07-26,0
2023-07-26,0
2023-07-26,0
2023-07-27,0
2023-07-27,0
2023-07-27,0
2023-07-27,0
2023-07-27,0
2023-07-27,0
2023-07-27,0
2023-07-27,0
2023-07-27,0
2023-07-27,0
2023-07-27,0
2023-07-27,0
2023-07-27,0
2023-07-27,0
2023-07-27,0
2023-07-27,0
2023-07-27,0
2023-07-27,0
2023-07-27,0
2023-07-27,0
2023-07-27,0
2023-07-27,0
2023-07-27,0
2023-07-27,0
2023-07-28,0
2023-07-28,0
2023-07-28,0
2023-07-28,0
2023-07-28,0
2023-07-28,0
2023-07-28,0
2023-07-28,0
2023-07-28,0
2023-07-28,0
2023-07-28,0
2023-07-28,0
2023-07-28,0
2023-07-28,0
2023-07-28,0
2023-07-28,0
2023-07-28,0
2023-07-28,0
2023-07-28,0
2023-07-28,0
2023-07-28,0
2023-07-28,0
2023-07-28,0
2023-07-28,0
2023-07-29,0
2023-07-29,0
2023-07-29,0
2023-07-29,0
2023-07-29,0
2023-07-29,0
2023-07-29,0
2023-07-29,0
2023-07-29,0
2023-07-29,0
2023-07-29,0
2023-07-29,0
2023-07-29,0
2023-07-29,0
2023-07-29,0
2023-07-29,0
2023-07-29,0
2023-07-29,0
2023-07-29,0
2023-07-29,0
2023-07-29,0
2023-07-29,0
2023-07-29,0
2023-07-29,0
2023-07-30,0
2023-07-30,0
2023-07-30,0
2023-07-30,0
2023-07-30,0
2023-07-30,0
2023-07-30,0
2023-07-30,0
2023-07-30,0
2023-07-30,0
2023-07-30,0
2023-07-30,0
2023-07-30,0
2023-07-30,0
2023-07-30,0
2023-07-30,0
2023-07-30,0
2023-07-30,0
2023-07-30,0
2023-07-30,0
2023-07-30,0
2023-07-30,0
2023-07-30,0
2023-07-30,0
2023-07-31,0
2023-07-31,0
2023-07-31,0
2023-07-31,0
2023-07-31,0
2023-07-31,0
2023-07-31,0
2023-07-31,0
2023-07-31,0
2023-07-31,0
2023-07-31,0
2023-07-31,0
2023-07-31,0
2023-07-31,0
2023-07-31,0
2023-07-31,0
2023-07-31,0
2023-07-31,0
2023-07-31,0
2023-07-31,0
2023-07-31,0
2023-07-31,0
2023-07-31,0
2023-07-31,0
2023-08-01,0
2023-08-01,0
2023-08-01,0
2023-08-01,0
2023-08-01,0
2023-08-01,0
2023-08-01,0
2023-08-01,0
2023-08-01,0
2023-08-01,0
2023-08-01,0
2023-08-01,0
2023-08-01,0
2023-08-01,0
2023-08-01,0
2023-08-01,0
2023-08-01,0
2023-08-01,0
2023-08-01,0
2023-08-01,0
2023-08-01,0
2023-08-01,0
2023-08-01,0
2023-08-01,0
2023-08-02,0
2023-08-02,0
2023-08-02,0
2023-08-02,0
2023-08-02,0
2023-08-02,0
2023-08-02,0
2023-08-02,0
2023-08-02,0
2023-08-02,0
2023-08-02,0
2023-08-02,0
2023-08-02,0
2023-08-02,0
2023-08-02,0
2023-08-02,0
2023-08-02,0
2023-08-02,0
2023-08-02,0
2023-08-02,0
2023-08-02,0
2023-08-02,0
2023-08-02,0
2023-08-02,0
2023-08-03,0
2023-08-03,0
2023-08-03,0
2023-08-03,0
2023-08-03,0
2023-08-03,0
2023-08-03,0
2023-08-03,0
2023-08-03,0
2023-08-03,0
2023-08-03,0
2023-08-03,0
2023-08-03,0
2023-08-03,0
2023-08-03,0
2023-08-03,0
2023-08-03,0
2023-08-03,0
2023-08-03,0
2023-08-03,0
2023-08-03,0
2023-08-03,0
2023-08-03,0
2023-08-03,0
2023-08-04,0
2023-08-04,0
2023-08-04,0
2023-08-04,0
2023-08-04,0
2023-08-04,0
2023-08-04,0
2023-08-04,0
2023-08-04,0
2023-08-04,0
2023-08-04,0
2023-08-04,0
2023-08-04,0
2023-08-04,0
2023-08-04,0
2023-08-04,0
2023-08-04,0
2023-08-04,0
2023-08-04,0
2023-08-04,0
2023-08-04,0
2023-08-04,0
2023-08-04,0
2023-08-04,0
2023-08-05,0
2023-08-05,0
2023-08-05,0
2023-08-05,0
2023-08-05,0
2023-08-05,0
2023-08-05,0
2023-08-05,0
2023-08-05,0
2023-08-05,0
2023-08-05,0
2023-08-05,0
2023-08-05,0
2023-08-05,0
2023-08-05,0
2023-08-05,0
2023-08-05,0
2023-08-05,0
2023-08-05,0
2023-08-05,0
2023-08-05,0
2023-08-05,0
2023-08-05,0
2023-08-05,0
2023-08-06,0
2023-08-06,0
2023-08-06,0
2023-08-06,0
2023-08-06,0
2023-08-06,0
2023-08-06,0
2023-08-06,0
2023-08-06,0
2023-08-06,0
2023-08-06,0
2023-08-06,0
2023-08-06,0
2023-08-06,0
2023-08-06,0
2023-08-06,0
2023-08-06,0
2023-08-06,0
2023-08-06,0
2023-08-06,0
2023-08-06,0
2023-08-06,0
2023-08-06,0
2023-08-06,0
2023-08-07,0
2023-08-07,0
2023-08-07,0
2023-08-07,0
2023-08-07,0
2023-08-07,0
2023-08-07,0
2023-08-07,0
2023-08-07,0
2023-08-07,0
2023-08-07,0
2023-08-07,0
2023-08-07,0
2023-08-07,0
2023-08-07,0
2023-08-07,0
2023-08-07,0
2023-08-07,0
2023-08-07,0
2023-08-07,0
2023-08-07,0
2023-08-07,0
2023-08-07,0
2023-08-07,0
2023-08-08,0
2023-08-08,0
2023-08-08,0
2023-08-08,0
2023-08-08,0
2023-08-08,0
2023-08-08,0
2023-08-08,0
2023-08-08,0
2023-08-08,0
2023-08-08,0
2023-08-08,0
2023-08-08,0
2023-08-08,0
2023-08-08,0
2023-08-08,0
2023-08-08,0
2023-08-08,0
2023-08-08,0
2023-08-08,0
2023-08-08,0
2023-08-08,0
2023-08-08,0
2023-08-08,0
2023-08-09,0
2023-08-09,0
2023-08-09,0
2023-08-09,0
2023-08-09,0
2023-08-09,0
2023-08-09,0
2023-08-09,0
2023-08-09,0
2023-08-09,0
2023-08-09,0
2023-08-09,0
2023-08-09,0
2023-08-09,0
2023-08-09,0
2023-08-09,0
2023-08-09,0
2023-08-09,0
2023-08-09,0
2023-08-09,0
2023-08-09,0
2023-08-09,0
2023-08-09,0
2023-08-09,0
2023-08-10,0
2023-08-10,0
2023-08-10,0
2023-08-10,0
2023-08-10,0
2023-08-10,0
2023-08-10,0
2023-08-10,0
2023-08-10,0
2023-08-10,0
2023-08-10,0
2023-08-10,0
2023-08-10,0
2023-08-10,0
2023-08-10,0
2023-08-10,0
2023-08-10,0
2023-08-10,0
2023-08-10,0
2023-08-10,0
2023-08-10,0
2023-08-10,0
2023-08-10,0
2023-08-10,0
2023-08-11,0
2023-08-11,0
2023-08-11,0
2023-08-11,0
2023-08-11,0
2023-08-11,0
2023-08-11,0
2023-08-11,0
2023-08-11,0
2023-08-11,0
2023-08-11,0
2023-08-11,0
2023-08-11,0
2023-08-11,0
2023-08-11,0
2023-08-11,0
2023-08-11,0
2023-08-11,0
2023-08-11,0
2023-08-11,0
2023-08-11,0
2023-08-11,0
2023-08-11,0
2023-08-11,0
2023-08-12,0
2023-08-12,0
2023-08-12,0
2023-08-12,0
2023-08-12,0
2023-08-12,0
2023-08-12,0
2023-08-12,0
2023-08-12,0
2023-08-12,0
2023-08-12,0
2023-08-12,0
2023-08-12,0
2023-08-12,0
2023-08-12,0
2023-08-12,0
2023-08-12,0
2023-08-12,0
2023-08-12,0
2023-08-12,0
2023-08-12,0
2023-08-12,0
2023-08-12,0
2023-08-12,0
2023-08-13,0
2023-08-13,0
2023-08-13,0
2023-08-13,0
2023-08-13,0
2023-08-13,0
2023-08-13,0
2023-08-13,0
2023-08-13,0
2023-08-13,0
2023-08-13,0
2023-08-13,0
2023-08-13,0
2023-08-13,0
2023-08-13,0
2023-08-13,0
2023-08-13,0
2023-08-13,0
2023-08-13,0
2023-08-13,0
2023-08-13,0
2023-08-13,0
2023-08-13,0
2023-08-13,0
2023-08-14,0
2023-08-14,0
2023-08-14,0
2023-08-14,0
2023-08-14,0
2023-08-14,0
2023-08-14,0
2023-08-14,0
2023-08-14,0
2023-08-14,0
2023-08-14,0
2023-08-14,0
2023-08-14,0
2023-08-14,0
2023-08-14,0
2023-08-14,0
2023-08-14,0
2023-08-14,0
2023-08-14,0
2023-08-14,0
2023-08-14,0
2023-08-14,0
2023-08-14,0
2023-08-14,0
2023-08-15,0
2023-08-15,0
2023-08-15,0
2023-08-15,0
2023-08-15,0
2023-08-15,0
2023-08-15,0
2023-08-15,0
2023-08-15,0
2023-08-15,0
2023-08-15,0
2023-08-15,0
2023-08-15,0
2023-08-15,0
2023-08-15,0
2023-08-15,0
2023-08-15,0
2023-08-15,0
2023-08-15,0
2023-08-15,0
2023-08-15,0
2023-08-15,0
2023-08-15,0
2023-08-15,0
2023-08-16,0
2023-08-16,0
2023-08-16,0
2023-08-16,0
2023-08-16,0
2023-08-16,0
2023-08-16,0
2023-08-16,0
2023-08-16,0
2023-08-16,0
2023-08-16,0
2023-08-16,0
2023-08-16,0
2023-08-16,0
2023-08-16,0
2023-08-16,0
2023-08-16,0
2023-08-16,0
2023-08-16,0
2023-08-16,0
2023-08-16,0
2023-08-16,0
2023-08-16,0
2023-08-16,0
2023-08-17,0
2023-08-17,0
2023-08-17,0
2023-08-17,0
2023-08-17,0
2023-08-17,0
2023-08-17,0
2023-08-17,0
2023-08-17,0
2023-08-17,0
2023-08-17,0
2023-08-17,0
2023-08-17,0
2023-08-17,0
2023-08-17,0
2023-08-17,0
2023-08-17,0
2023-08-17,0
2023-08-17,0
2023-08-17,0
2023-08-17,0
2023-08-17,0
2023-08-17,0
2023-08-17,0
2023-08-18,0
2023-08-18,0
2023-08-18,0
2023-08-18,0
2023-08-18,0
2023-08-18,0
2023-08-18,0
2023-08-18,0
2023-08-18,0
2023-08-18,0
2023-08-18,0
2023-08-18,0
2023-08-18,0
2023-08-18,0
2023-08-18,0
2023-08-18,0
2023-08-18,0
2023-08-18,0
2023-08-18,0
2023-08-18,0
2023-08-18,0
2023-08-18,0
2023-08-18,0
2023-08-18,0
2023-08-19,0
2023-08-19,0
2023-08-19,0
2023-08-19,0
2023-08-19,0
2023-08-19,0
2023-08-19,0
2023-08-19,0
2023-08-19,0
2023-08-19,0
2023-08-19,0
2023-08-19,0
2023-08-19,0
2023-08-19,0
2023-08-19,0
2023-08-19,0
2023-08-19,0
2023-08-19,0
2023-08-19,0
2023-08-19,0
2023-08-19,0
2023-08-19,0
2023-08-19,0
2023-08-19,0
2023-08-20,0
2023-08-20,0
2023-08-20,0
2023-08-20,0
2023-08-20,0
2023-08-20,0
2023-08-20,0
2023-08-20,0
2023-08-20,0
2023-08-20,0
2023-08-20,0
2023-08-20,0
2023-08-20,0
2023-08-20,0
2023-08-20,0
2023-08-20,0
2023-08-20,0
2023-08-20,0
2023-08-20,0
2023-08-20,0
2023-08-20,0
2023-08-20,0
2023-08-20,0
2023-08-20,0
2023-08-21,0
2023-08-21,0
2023-08-21,0
2023-08-21,0
2023-08-21,0
2023-08-21,0
2023-08-21,0
2023-08-21,0
2023-08-21,0
2023-08-21,0
2023-08-21,0
2023-08-21,0
2023-08-21,0
2023-08-21,0
2023-08-21,0
2023-08-21,0
2023-08-21,0
2023-08-21,0
2023-08-21,0
2023-08-21,0
2023-08-21,0
2023-08-21,0
2023-08-21,0
2023-08-21,0
2023-08-22,0
2023-08-22,0
2023-08-22,0
2023-08-22,0
2023-08-22,0
2023-08-22,0
2023-08-22,0
2023-08-22,0
2023-08-22,0
2023-08-22,0
2023-08-22,0
2023-08-22,0
2023-08-22,0
2023-08-22,0
2023-08-22,0
2023-08-22,0
2023-08-22,0
2023-08-22,0
2023-08-22,0
2023-08-22,0
2023-08-22,0
2023-08-22,0
2023-08-22,0
2023-08-22,0
2023-08-23,0
2023-08-23,0
2023-08-23,0
2023-08-23,0
2023-08-23,0
2023-08-23,0
2023-08-23,0
2023-08-23,0
2023-08-23,0
2023-08-23,0
2023-08-23,0
2023-08-23,0
2023-08-23,0
2023-08-23,0
2023-08-23,0
2023-08-23,0
2023-08-23,0
2023-08-23,0
2023-08-23,0
2023-08-23,0
2023-08-23,0
2023-08-23,0
2023-08-23,0
2023-08-23,0
2023-08-24,0
2023-08-24,0
2023-08-24,0
2023-08-24,0
2023-08-24,0
2023-08-24,0
2023-08-24,0
2023-08-24,0
2023-08-24,0
2023-08-24,0
2023-08-24,0
2023-08-24,0
2023-08-24,0
2023-08-24,0
2023-08-24,0
2023-08-24,0
2023-08-24,0
2023-08-24,0
2023-08-24,0
2023-08-24,0
2023-08-24,0
2023-08-24,0
2023-08-24,0
2023-08-24,0
2023-08-25,0
2023-08-25,0
2023-08-25,0
2023-08-25,0
2023-08-25,0
2023-08-25,0
2023-08-25,0
2023-08-25,0
2023-08-25,0
2023-08-25,0
2023-08-25,0
2023-08-25,0
2023-08-25,0
2023-08-25,0
2023-08-25,0
2023-08-25,0
2023-08-25,0
2023-08-25,0
2023-08-25,0
2023-08-25,0
2023-08-25,0
2023-08-25,0
2023-08-25,0
2023-08-25,0
2023-08-26,0
2023-08-26,0
2023-08-26,0
2023-08-26,0
2023-08-26,0
2023-08-26,0
2023-08-26,0
2023-08-26,0
2023-08-26,0
2023-08-26,0
2023-08-26,0
2023-08-26,0
2023-08-26,0
2023-08-26,0
2023-08-26,0
2023-08-26,0
2023-08-26,0
2023-08-26,0
2023-08-26,0
2023-08-26,0
2023-08-26,0
2023-08-26,0
2023-08-26,0
2023-08-26,0
2023-08-27,0
2023-08-27,0
2023-08-27,0
2023-08-27,0
2023-08-27,0
2023-08-27,0
2023-08-27,0
2023-08-27,0
2023-08-27,0
2023-08-27,0
2023-08-27,0
2023-08-27,0
2023-08-27,0
2023-08-27,0
2023-08-27,0
2023-08-27,0
2023-08-27,0
2023-08-27,0
2023-08-27,0
2023-08-27,0
2023-08-27,0
2023-08-27,0
2023-08-27,0
2023-08-27,0
2023-08-28,0
2023-08-28,0
2023-08-28,0
2023-08-28,0
2023-08-28,0
2023-08-28,0
2023-08-28,0
2023-08-28,0
2023-08-28,0
2023-08-28,0
2023-08-28,0
2023-08-28,0
2023-08-28,0
2023-08-28,0
2023-08-28,0
2023-08-28,0
2023-08-28,0
2023-08-28,0
2023-08-28,0
2023-08-28,0
2023-08-28,0
2023-08-28,0
2023-08-28,0
2023-08-28,0
2023-08-29,0
2023-08-29,0
2023-08-29,0
2023-08-29,0
2023-08-29,0
2023-08-29,0
2023-08-29,0
2023-08-29,0
2023-08-29,0
2023-08-29,0
2023-08-29,0
2023-08-29,0
2023-08-29,0
2023-08-29,0
2023-08-29,0
2023-08-29,0
2023-08-29,0
2023-08-29,0
2023-08-29,0
2023-08-29,0
2023-08-29,0
2023-08-29,0
2023-08-29,0
2023-08-29,0
2023-08-30,0
2023-08-30,0
2023-08-30,0
2023-08-30,0
2023-08-30,0
2023-08-30,0
2023-08-30,0
2023-08-30,0
2023-08-30,0
2023-08-30,0
2023-08-30,0
2023-08-30,0
2023-08-30,0
2023-08-30,0
2023-08-30,0
2023-08-30,0
2023-08-30,0
2023-08-30,0
2023-08-30,0
2023-08-30,0
2023-08-30,0
2023-08-30,0
2023-08-30,0
2023-08-30,0
2023-08-31,0
2023-08-31,0
2023-08-31,0
2023-08-31,0
2023-08-31,0
2023-08-31,0
2023-08-31,0
2023-08-31,0
2023-08-31,0
2023-08-31,0
2023-08-31,0
2023-08-31,0
2023-08-31,0
2023-08-31,0
2023-08-31,0
2023-08-31,0
2023-08-31,0
2023-08-31,0
2023-08-31,0
2023-08-31,0
2023-08-31,0
2023-08-31,0
2023-08-31,0
2023-08-31,0
2023-09-01,0
2023-09-01,0
2023-09-01,0
2023-09-01,0
2023-09-01,0
2023-09-01,0
2023-09-01,0
2023-09-01,0
2023-09-01,0
2023-09-01,0
2023-09-01,0
2023-09-01,0
2023-09-01,0
2023-09-01,0
2023-09-01,0
2023-09-01,0
2023-09-01,0
2023-09-01,0
2023-09-01,0
2023-09-01,0
2023-09-01,0
2023-09-01,0
2023-09-01,0
2023-09-01,0
2023-09-02,0
2023-09-02,0
2023-09-02,0
2023-09-02,0
2023-09-02,0
2023-09-02,0
2023-09-02,0
2023-09-02,0
2023-09-02,0
2023-09-02,0
2023-09-02,0
2023-09-02,0
2023-09-02,0
2023-09-02,0
2023-09-02,0
2023-09-02,0
2023-09-02,0
2023-09-02,0
2023-09-02,0
2023-09-02,0
2023-09-02,0
2023-09-02,0
2023-09-02,0
2023-09-02,0
2023-09-03,0
2023-09-03,0
2023-09-03,0
2023-09-03,0
2023-09-03,0
2023-09-03,0
2023-09-03,0
2023-09-03,0
2023-09-03,0
2023-09-03,0
2023-09-03,0
2023-09-03,0
2023-09-03,0
2023-09-03,0
2023-09-03,0
2023-09-03,0
2023-09-03,0
2023-09-03,0
2023-09-03,0
2023-09-03,0
2023-09-03,0
2023-09-03,0
2023-09-03,0
2023-09-03,0
2023-09-04,0
2023-09-04,0
2023-09-04,0
2023-09-04,0
2023-09-04,0
2023-09-04,0
2023-09-04,0
2023-09-04,0
2023-09-04,0
2023-09-04,0
2023-09-04,0
2023-09-04,0
2023-09-04,0
2023-09-04,0
2023-09-04,0
2023-09-04,0
2023-09-04,0
2023-09-04,0
2023-09-04,0
2023-09-04,0
2023-09-04,0
2023-09-04,0
2023-09-04,0
2023-09-04,0
2023-09-05,0
2023-09-05,0
2023-09-05,0
2023-09-05,0
2023-09-05,0
2023-09-05,0
2023-09-05,0
2023-09-05,0
2023-09-05,0
2023-09-05,0
2023-09-05,0
2023-09-05,0
2023-09-05,0
2023-09-05,0
2023-09-05,0
2023-09-05,0
2023-09-05,0
2023-09-05,0
2023-09-05,0
2023-09-05,0
2023-09-05,0
2023-09-05,0
2023-09-05,0
2023-09-05,0
2023-09-06,0
2023-09-06,0
2023-09-06,0
2023-09-06,0
2023-09-06,0
2023-09-06,0
2023-09-06,0
2023-09-06,0
2023-09-06,0
2023-09-06,0
2023-09-06,0
2023-09-06,0
2023-09-06,0
2023-09-06,0
2023-09-06,0
2023-09-06,0
2023-09-06,0
2023-09-06,0
2023-09-06,0
2023-09-06,0
2023-09-06,0
2023-09-06,0
2023-09-06,0
2023-09-06,0
2023-09-07,0
2023-09-07,0
2023-09-07,0
2023-09-07,0
2023-09-07,0
2023-09-07,0
2023-09-07,0
2023-09-07,0
2023-09-07,0
2023-09-07,0
2023-09-07,0
2023-09-07,0
2023-09-07,0
2023-09-07,0
2023-09-07,0
2023-09-07,0
2023-09-07,0
2023-09-07,0
2023-09-07,0
2023-09-07,0
2023-09-07,0
2023-09-07,0
2023-09-07,0
2023-09-07,0
2023-09-08,0
2023-09-08,0
2023-09-08,0
2023-09-08,0
2023-09-08,0
2023-09-08,0
2023-09-08,0
2023-09-08,0
2023-09-08,0
2023-09-08,0
2023-09-08,0
2023-09-08,0
2023-09-08,0
2023-09-08,0
2023-09-08,0
2023-09-08,0
2023-09-08,0
2023-09-08,0
2023-09-08,0
2023-09-08,0
2023-09-08,0
2023-09-08,0
2023-09-08,0
2023-09-08,0
2023-09-09,0
2023-09-09,0
2023-09-09,0
2023-09-09,0
2023-09-09,0
2023-09-09,0
2023-09-09,0
2023-09-09,0
2023-09-09,0
2023-09-09,0
2023-09-09,0
2023-09-09,0
2023-09-09,0
2023-09-09,0
2023-09-09,0
2023-09-09,0
2023-09-09,0
2023-09-09,0
2023-09-09,0
2023-09-09,0
2023-09-09,0
2023-09-09,0
2023-09-09,0
2023-09-09,0
2023-09-10,0
2023-09-10,0
2023-09-10,0
2023-09-10,0
2023-09-10,0
2023-09-10,0
2023-09-10,0
2023-09-10,0
2023-09-10,0
2023-09-10,0
2023-09-10,0
2023-09-10,0
2023-09-10,0
2023-09-10,0
2023-09-10,0
2023-09-10,0
2023-09-10,0
2023-09-10,0
2023-09-10,0
2023-09-10,0
2023-09-10,0
2023-09-10,0
2023-09-10,0
2023-09-10,0
2023-09-11,0
2023-09-11,0
2023-09-11,0
2023-09-11,0
2023-09-11,0
2023-09-11,0
2023-09-11,0
2023-09-11,0
2023-09-11,0
2023-09-11,0
2023-09-11,0
2023-09-11,0
2023-09-11,0
2023-09-11,0
2023-09-11,0
2023-09-11,0
2023-09-11,0
2023-09-11,0
2023-09-11,0
2023-09-11,0
2023-09-11,0
2023-09-11,0
2023-09-11,0
2023-09-11,0
2023-09-12,0
2023-09-12,0
2023-09-12,0
2023-09-12,0
2023-09-12,0
2023-09-12,0
2023-09-12,0
2023-09-12,0
2023-09-12,0
2023-09-12,0
2023-09-12,0
2023-09-12,0
2023-09-12,0
2023-09-12,0
2023-09-12,0
2023-09-12,0
2023-09-12,0
2023-09-12,0
2023-09-12,0
2023-09-12,0
2023-09-12,0
2023-09-12,0
2023-09-12,0
2023-09-12,0
2023-09-13,0
2023-09-13,0
2023-09-13,0
2023-09-13,0
2023-09-13,0
2023-09-13,0
2023-09-13,0
2023-09-13,0
2023-09-13,0
2023-09-13,0
2023-09-13,0
2023-09-13,0
2023-09-13,0
2023-09-13,0
2023-09-13,0
2023-09-13,0
2023-09-13,0
2023-09-13,0
2023-09-13,0
2023-09-13,0
2023-09-13,0
2023-09-13,0
2023-09-13,0
2023-09-13,0
2023-09-14,0
2023-09-14,0
2023-09-14,0
2023-09-14,0
2023-09-14,0
2023-09-14,0
2023-09-14,0
2023-09-14,0
2023-09-14,0
2023-09-14,0
2023-09-14,0
2023-09-14,0
2023-09-14,0
2023-09-14,0
2023-09-14,0
2023-09-14,0
2023-09-14,0
2023-09-14,0
2023-09-14,0
2023-09-14,0
2023-09-14,0
2023-09-14,0
2023-09-14,0
2023-09-14,0
2023-09-15,0
2023-09-15,0
2023-09-15,0
2023-09-15,0
2023-09-15,0
2023-09-15,0
2023-09-15,0
2023-09-15,0
2023-09-15,0
2023-09-15,0
2023-09-15,0
2023-09-15,0
2023-09-15,0
2023-09-15,0
2023-09-15,0
2023-09-15,0
2023-09-15,0
2023-09-15,0
2023-09-15,0
2023-09-15,0
2023-09-15,0
2023-09-15,0
2023-09-15,0
2023-09-15,0
2023-09-16,0
2023-09-16,0
2023-09-16,0
2023-09-16,0
2023-09-16,0
2023-09-16,0
2023-09-16,0
2023-09-16,0
2023-09-16,0
2023-09-16,0
2023-09-16,0
2023-09-16,0
2023-09-16,0
2023-09-16,0
2023-09-16,0
2023-09-16,0
2023-09-16,0
2023-09-16,0
2023-09-16,0
2023-09-16,0
2023-09-16,0
2023-09-16,0
2023-09-16,0
2023-09-16,0
2023-09-17,0
2023-09-17,0
2023-09-17,0
2023-09-17,0
2023-09-17,0
2023-09-17,0
2023-09-17,0
2023-09-17,0
2023-09-17,0
2023-09-17,0
2023-09-17,0
2023-09-17,0
2023-09-17,0
2023-09-17,0
2023-09-17,0
2023-09-17,0
2023-09-17,0
2023-09-17,0
2023-09-17,0
2023-09-17,0
2023-09-17,0
2023-09-17,0
2023-09-17,0
2023-09-17,0
2023-09-18,0
2023-09-18,0
2023-09-18,0
2023-09-18,0
2023-09-18,0
2023-09-18,0
2023-09-18,0
2023-09-18,0
2023-09-18,0
2023-09-18,0
2023-09-18,0
2023-09-18,0
2023-09-18,0
2023-09-18,0
2023-09-18,0
2023-09-18,0
2023-09-18,0
2023-09-18,0
2023-09-18,0
2023-09-18,0
2023-09-18,0
2023-09-18,0
2023-09-18,0
2023-09-18,0
2023-09-19,0
2023-09-19,0
2023-09-19,0
2023-09-19,0
2023-09-19,0
2023-09-19,0
2023-09-19,0
2023-09-19,0
2023-09-19,0
2023-09-19,0
2023-09-19,0
2023-09-19,0
2023-09-19,0
2023-09-19,0
2023-09-19,0
2023-09-19,0
2023-09-19,0
2023-09-19,0
2023-09-19,0
2023-09-19,0
2023-09-19,0
2023-09-19,0
2023-09-19,0
2023-09-19,0
2023-09-20,0
2023-09-20,0
2023-09-20,0
2023-09-20,0
2023-09-20,0
2023-09-20,0
2023-09-20,0
2023-09-20,0
2023-09-20,0
2023-09-20,0
2023-09-20,0
2023-09-20,0
2023-09-20,0
2023-09-20,0
2023-09-20,0
2023-09-20,0
2023-09-20,0
2023-09-20,0
2023-09-20,0
2023-09-20,0
2023-09-20,0
2023-09-20,0
2023-09-20,0
2023-09-20,0
2023-09-21,0
2023-09-21,0
2023-09-21,0
2023-09-21,0
2023-09-21,0
2023-09-21,0
2023-09-21,0
2023-09-21,0
2023-09-21,0
2023-09-21,0
2023-09-21,0
2023-09-21,0
2023-09-21,0
2023-09-21,0
2023-09-21,0
2023-09-21,0
2023-09-21,0
2023-09-21,0
2023-09-21,0
2023-09-21,0
2023-09-21,0
2023-09-21,0
2023-09-21,0
2023-09-21,0
2023-09-22,0
2023-09-22,0
2023-09-22,0
2023-09-22,0
2023-09-22,0
2023-09-22,0
2023-09-22,0
2023-09-22,0
2023-09-22,0
2023-09-22,0
2023-09-22,0
2023-09-22,0
2023-09-22,0
2023-09-22,0
2023-09-22,0
2023-09-22,0
2023-09-22,0
2023-09-22,0
2023-09-22,0
2023-09-22,0
2023-09-22,0
2023-09-22,0
2023-09-22,0
2023-09-22,0
2023-09-23,0
2023-09-23,0
2023-09-23,0
2023-09-23,0
2023-09-23,0
2023-09-23,0
2023-09-23,0
2023-09-23,0
2023-09-23,0
2023-09-23,0
2023-09-23,0
2023-09-23,0
2023-09-23,0
2023-09-23,0
2023-09-23,0
2023-09-23,0
2023-09-23,0
2023-09-23,0
2023-09-23,0
2023-09-23,0
2023-09-23,0
2023-09-23,0
2023-09-23,0
2023-09-23,0
2023-09-24,0
2023-09-24,0
2023-09-24,0
2023-09-24,0
2023-09-24,0
2023-09-24,0
2023-09-24,0
2023-09-24,0
2023-09-24,0
2023-09-24,0
2023-09-24,0
2023-09-24,0
2023-09-24,0
2023-09-24,0
2023-09-24,0
2023-09-24,0
2023-09-24,0
2023-09-24,0
2023-09-24,0
2023-09-24,0
2023-09-24,0
2023-09-24,0
2023-09-24,0
2023-09-24,0
2023-09-25,0
2023-09-25,0
2023-09-25,0
2023-09-25,0
2023-09-25,0
2023-09-25,0
2023-09-25,0
2023-09-25,0
2023-09-25,0
2023-09-25,0
2023-09-25,0
2023-09-25,0
2023-09-25,0
2023-09-25,0
2023-09-25,0
2023-09-25,0
2023-09-25,0
2023-09-25,0
2023-09-25,0
2023-09-25,0
2023-09-25,0
2023-09-25,0
2023-09-25,0
2023-09-25,0
2023-09-26,0
2023-09-26,0
2023-09-26,0
2023-09-26,0
2023-09-26,0
2023-09-26,0
2023-09-26,0
2023-09-26,0
2023-09-26,0
2023-09-26,0
2023-09-26,0
2023-09-26,0
2023-09-26,0
2023-09-26,0
2023-09-26,0
2023-09-26,0
2023-09-26,0
2023-09-26,0
2023-09-26,0
2023-09-26,0
2023-09-26,0
2023-09-26,0
2023-09-26,0
2023-09-26,0
2023-09-27,0
2023-09-27,0
2023-09-27,0
2023-09-27,0
2023-09-27,0
2023-09-27,0
2023-09-27,0
2023-09-27,0
2023-09-27,0
2023-09-27,0
2023-09-27,0
2023-09-27,0
2023-09-27,0
2023-09-27,0
2023-09-27,0
2023-09-27,0
2023-09-27,0
2023-09-27,0
2023-09-27,0
2023-09-27,0
2023-09-27,0
2023-09-27,0
2023-09-27,0
2023-09-27,0
2023-09-28,0
2023-09-28,0
2023-09-28,0
2023-09-28,0
2023-09-28,0
2023-09-28,0
2023-09-28,0
2023-09-28,0
2023-09-28,0
2023-09-28,0
2023-09-28,0
2023-09-28,0
2023-09-28,0
2023-09-28,0
2023-09-28,0
2023-09-28,0
2023-09-28,0
2023-09-28,0
2023-09-28,0
2023-09-28,0
2023-09-28,0
2023-09-28,0
2023-09-28,0
2023-09-28,0
2023-09-29,0
2023-09-29,0
2023-09-29,0
2023-09-29,0
2023-09-29,0
2023-09-29,0
2023-09-29,0
2023-09-29,0
2023-09-29,0
2023-09-29,0
2023-09-29,0
2023-09-29,0
2023-09-29,0
2023-09-29,0
2023-09-29,0
2023-09-29,0
2023-09-29,0
2023-09-29,0
2023-09-29,0
2023-09-29,0
2023-09-29,0
2023-09-29,0
2023-09-29,0
2023-09-29,0
2023-09-30,0
2023-09-30,0
2023-09-30,0
2023-09-30,0
2023-09-30,0
2023-09-30,0
